a,b,reltype
Q100153927,Q233371,sibling
Q100454741,Q104013199,sibling
Q102176031,Q10318440,child
Q102225741,Q112568439,father
Q102266502,Q112914681,spouse
Q102266502,Q126936619,father
Q102266502,Q126936619,mother
Q102266502,Q32538394,child
Q102267466,Q484087,sibling
Q102311806,Q56251726,spouse
Q102344573,Q22974740,child
Q102438283,Q19349259,spouse
Q103175982,Q104150525,sibling
Q10318440,Q102176031,father
Q103820496,Q12611701,mother
Q104013199,Q100454741,sibling
Q104044292,Q59594051,spouse
Q104150525,Q103175982,sibling
Q104416379,Q135688280,sibling
Q104416379,Q4978038,father
Q104416379,Q4978038,mother
Q104469789,Q485517,sibling
Q104540906,Q12613036,sibling
Q104542739,Q332998,spouse
Q10457763,Q626074,sibling
Q104585577,Q6820578,father
Q104610498,Q61872876,spouse
Q10514933,Q16234741,sibling
Q105258245,Q135371199,sibling
Q105316438,Q55733700,sibling
Q105704925,Q489867,father
Q105704946,Q17486963,father
Q105704946,Q17486963,mother
Q105705314,Q55728374,sibling
Q105705317,Q107109269,child
Q105705317,Q269742,child
Q105705503,Q12618258,spouse
Q105705613,Q12612563,spouse
Q105705900,Q94429593,father
Q105705914,Q16767951,sibling
Q105706047,Q22974712,spouse
Q105706367,Q490192,mother
Q105706367,Q79904342,father
Q105706367,Q79904342,mother
Q105706774,Q134690881,sibling
Q105960413,Q110941701,child
Q105960413,Q113102510,spouse
Q1062006,Q41117,sibling
Q1062006,Q489279,father
Q1062006,Q4991767,sibling
Q1062006,Q709975,mother
Q106207040,Q55732903,sibling
Q106218304,Q106218355,child
Q106218355,Q106218304,father
Q106218355,Q106218304,mother
Q10665,Q263732,spouse
Q10665,Q271067,sibling
Q10665,Q317824,child
Q10665,Q385795,child
Q10665,Q4330912,child
Q10665,Q463949,mother
Q10665,Q487289,spouse
Q10665,Q6762628,spouse
Q10665,Q705212,spouse
Q10665,Q705218,child
Q10665,Q710805,sibling
Q10665,Q714481,spouse
Q10665,Q840719,sibling
Q106730463,Q117289097,spouse
Q107109039,Q97477976,spouse
Q107109269,Q105705317,father
Q107109269,Q105705317,mother
Q107109269,Q269742,sibling
Q107109310,Q12601811,sibling
Q107109409,Q110052658,father
Q107109602,Q19359988,child
Q107109753,Q232285,father
Q107109753,Q232285,mother
Q107109753,Q626073,father
Q107443498,Q16092163,father
Q107494309,Q625007,spouse
Q1075512,Q6862536,spouse
Q107617686,Q12616590,mother
Q107617686,Q72291512,mother
Q107656933,Q493300,spouse
Q107747135,Q487876,spouse
Q107747135,Q56236767,child
Q107805133,Q113490399,mother
Q107805133,Q116652585,father
Q107805133,Q116652585,mother
Q107805133,Q16090635,spouse
Q107999611,Q1510259,child
Q1080180,Q485517,spouse
Q108045004,Q79404521,sibling
Q108193090,Q485871,father
Q108195481,Q12612507,father
Q108391826,Q12587695,child
Q10855139,Q498905,sibling
Q10855140,Q110115109,mother
Q10855787,Q17487449,spouse
Q10855821,Q625650,sibling
Q10855822,Q6745643,spouse
Q10855843,Q109801469,child
Q10855903,Q16090147,sibling
Q10855915,Q623856,spouse
Q10874903,Q485556,spouse
Q108805691,Q43111132,child
Q108852060,Q55728630,mother
Q108855430,Q116286260,spouse
Q109109100,Q61715236,sibling
Q1092288,Q11646457,father
Q109235775,Q8055137,spouse
Q109259136,Q109259270,spouse
Q109259270,Q109259136,spouse
Q109320880,Q16171539,child
Q109320880,Q192111,spouse
Q109320880,Q482889,child
Q109354786,Q315484,sibling
Q109375925,Q88623316,child
Q10941620,Q16179807,child
Q109455355,Q138133863,mother
Q109455355,Q19349718,father
Q109455355,Q19349718,mother
Q109456504,Q116694686,spouse
Q109457323,Q16177510,father
Q109457323,Q439722,sibling
Q109536806,Q122609224,child
Q109546642,Q16080033,father
Q109564635,Q12612132,spouse
Q109651638,Q119717651,spouse
Q109679896,Q21005858,sibling
Q109801469,Q10855843,father
Q110052658,Q107109409,child
Q110114279,Q134367147,father
Q110114279,Q134367152,father
Q110115109,Q10855140,child
Q110116160,Q85984426,father
Q110116160,Q85984426,mother
Q110117644,Q16091843,sibling
Q110117754,Q272236,sibling
Q110117754,Q6668980,sibling
Q110117907,Q625977,mother
Q110118135,Q119613757,child
Q110123936,Q6408647,father
Q110124576,Q6685856,sibling
Q110125531,Q6685856,child
Q110125609,Q6685856,sibling
Q110253203,Q72703135,father
Q110404120,Q115641898,sibling
Q110941547,Q130536812,child
Q110941547,Q14342,child
Q110941547,Q625487,child
Q110941620,Q110941701,spouse
Q110941701,Q105960413,mother
Q110941701,Q110941620,spouse
Q110941701,Q113102510,mother
Q110951880,Q115920567,mother
Q11096031,Q257425,spouse
Q111175072,Q131757948,spouse
Q111175072,Q137753519,father
Q111175072,Q16090635,child
Q111435239,Q19794996,spouse
Q111476092,Q16920011,spouse
Q111515429,Q97204864,sibling
Q111705680,Q12615584,father
Q111744887,Q16080365,spouse
Q111939793,Q111940059,sibling
Q111939793,Q117826932,father
Q111939793,Q117826932,mother
Q111939793,Q117827017,child
Q111939793,Q5920126,child
Q111939793,Q907913,child
Q111940059,Q111939793,sibling
Q111940059,Q117826932,father
Q111940059,Q12625419,spouse
Q111940059,Q16091556,child
Q111990408,Q97199071,mother
Q112021444,Q229124,spouse
Q112023329,Q57027600,sibling
Q112023331,Q112027783,sibling
Q112023331,Q47630454,child
Q112023765,Q117434741,sibling
Q112023765,Q119433166,sibling
Q112023765,Q131763578,mother
Q112023765,Q347423,father
Q112023765,Q347423,mother
Q112023780,Q113490470,father
Q112027765,Q2856212,father
Q112027765,Q94381115,spouse
Q112027783,Q112023331,sibling
Q112027844,Q117133895,child
Q112027870,Q12589280,mother
Q112037991,Q12625401,mother
Q112240041,Q58097409,spouse
Q11244078,Q16178789,father
Q112550277,Q624211,spouse
Q112568439,Q102225741,child
Q11264690,Q123241995,father
Q11264742,Q122848233,child
Q11264742,Q122848289,child
Q11266025,Q17172386,spouse
Q112660393,Q112660455,spouse
Q112660393,Q16091894,sibling
Q112660393,Q42407184,child
Q112660455,Q112660393,spouse
Q112660455,Q16084830,sibling
Q112660455,Q42407184,child
Q11266137,Q21060156,child
Q11266309,Q16080034,spouse
Q11266309,Q16177000,child
Q11266353,Q122367691,sibling
Q11266502,Q494412,father
Q11266502,Q624109,sibling
Q11270980,Q7276140,sibling
Q11271937,Q5115173,sibling
Q112737161,Q29341335,father
Q112766857,Q7137912,spouse
Q112817112,Q12604575,spouse
Q11285292,Q491555,father
Q11286019,Q18567207,spouse
Q11286019,Q5731547,father
Q11286457,Q624651,spouse
Q11287136,Q313350,spouse
Q112914681,Q102266502,spouse
Q112914681,Q32538394,child
Q112967934,Q15985300,sibling
Q112998760,Q119714071,spouse
Q113001490,Q16080013,child
Q113001490,Q7497224,sibling
Q113016052,Q12619615,mother
Q113102499,Q31176611,spouse
Q113102510,Q105960413,spouse
Q113102510,Q110941701,child
Q113107197,Q12617413,spouse
Q113161633,Q21710203,father
Q11317852,Q7496795,spouse
Q11346187,Q16766758,sibling
Q113490152,Q487885,father
Q113490195,Q115528342,spouse
Q113490399,Q107805133,child
Q113490399,Q116652585,spouse
Q113490470,Q112023780,child
Q113570071,Q11646612,child
Q113736989,Q118611042,father
Q113736989,Q118611042,mother
Q113736989,Q120486183,spouse
Q113736989,Q12602751,sibling
Q113840,Q12612399,child
Q113840,Q171684,spouse
Q1142231,Q494334,sibling
Q11477189,Q7385296,sibling
Q114965644,Q114965646,sibling
Q114965646,Q114965644,sibling
Q11499920,Q296734,father
Q11499920,Q497174,mother
Q115011574,Q16091408,father
Q115039848,Q12622026,sibling
Q115134283,Q8032064,spouse
Q11521580,Q7137834,sibling
Q11521602,Q117826933,child
Q11521602,Q17158067,sibling
Q115515624,Q27953288,father
Q115528146,Q19940504,sibling
Q115528193,Q497404,father
Q115528240,Q85985252,spouse
Q115528342,Q113490195,spouse
Q115641898,Q110404120,sibling
Q115738570,Q12597820,child
Q115773790,Q115773794,child
Q115773794,Q115773790,father
Q115773813,Q624795,father
Q115773813,Q88683078,spouse
Q115803565,Q115803858,child
Q115803565,Q21337722,child
Q115803756,Q115803858,spouse
Q115803858,Q115803565,father
Q115803858,Q115803565,mother
Q115803858,Q115803756,spouse
Q115803858,Q21337722,sibling
Q115920567,Q110951880,child
Q116040887,Q58174592,spouse
Q116040887,Q61100689,father
Q116040998,Q61100689,mother
Q116040998,Q97199071,spouse
Q116286260,Q108855430,spouse
Q11629173,Q485168,spouse
Q11644701,Q168567,father
Q11644701,Q92686670,mother
Q116448127,Q12610401,child
Q116448127,Q16097635,spouse
Q116448127,Q24845052,father
Q116456339,Q16173390,child
Q116456341,Q16173390,spouse
Q11646457,Q1092288,child
Q11646612,Q113570071,father
Q116467106,Q14342,mother
Q116467106,Q496572,mother
Q116467106,Q52990877,spouse
Q116467107,Q14342,father
Q116467107,Q496572,father
Q116467107,Q496572,mother
Q11647829,Q434562,spouse
Q11663968,Q5646626,child
Q11664077,Q122848233,mother
Q116652585,Q107805133,child
Q116652585,Q113490399,spouse
Q116694686,Q109456504,spouse
Q116694686,Q12596983,mother
Q116694687,Q1186566,father
Q116694687,Q5962495,child
Q116694689,Q116694690,sibling
Q116694689,Q12611996,mother
Q116694689,Q22973436,spouse
Q116694690,Q116694689,sibling
Q116694690,Q12611996,mother
Q116694690,Q5962495,spouse
Q116694691,Q136449637,mother
Q116694691,Q16178686,father
Q116694691,Q16178686,mother
Q116694691,Q494239,spouse
Q116763964,Q482615,spouse
Q116766742,Q626092,mother
Q11677732,Q5951977,sibling
Q116785191,Q21710203,mother
Q116785191,Q89733932,spouse
Q11682535,Q624401,sibling
Q116873631,Q28700505,spouse
Q117012326,Q14864448,sibling
Q117012326,Q56226,father
Q117042256,Q482836,spouse
Q11704505,Q270687,spouse
Q117133873,Q117133874,spouse
Q117133874,Q117133873,spouse
Q117133895,Q112027844,father
Q117133918,Q130029993,father
Q117134013,Q117373759,child
Q117234752,Q52990877,child
Q117289097,Q106730463,spouse
Q117325325,Q12625446,child
Q117325325,Q12625489,father
Q117373759,Q117134013,father
Q11739237,Q14552393,sibling
Q11739251,Q31179630,sibling
Q117419918,Q469415,spouse
Q117433198,Q171684,spouse
Q117434741,Q112023765,sibling
Q117434741,Q119433166,sibling
Q117434741,Q131763578,mother
Q117434741,Q347423,father
Q117434741,Q347423,mother
Q117434860,Q134605970,spouse
Q117454264,Q8031676,spouse
Q1174767,Q1741580,spouse
Q117794486,Q94489565,spouse
Q117820470,Q12597258,spouse
Q117820470,Q55737080,child
Q117826932,Q111939793,child
Q117826932,Q111940059,child
Q117826933,Q11521602,mother
Q117826933,Q495980,child
Q117826933,Q97216379,spouse
Q117827017,Q111939793,mother
Q118127099,Q118127204,sibling
Q118127099,Q12604585,mother
Q118127099,Q23939885,child
Q118127099,Q625257,spouse
Q118127204,Q118127099,sibling
Q118127204,Q118127247,child
Q118127204,Q12604585,father
Q118127247,Q118127204,father
Q118185659,Q118185792,child
Q118185792,Q118185659,father
Q118185792,Q118185912,child
Q118185912,Q118185792,mother
Q118482583,Q118495694,sibling
Q118494170,Q16092160,spouse
Q118494170,Q16178590,father
Q118494170,Q16178590,mother
Q118495694,Q118482583,sibling
Q118611042,Q113736989,child
Q118611042,Q12602751,child
Q118646424,Q12587472,father
Q118646424,Q16080415,child
Q1186566,Q116694687,child
Q118796058,Q118796224,spouse
Q118796058,Q27953298,child
Q118796059,Q118796621,father
Q118796059,Q118796678,father
Q118796059,Q118796678,mother
Q118796224,Q118796058,spouse
Q118796224,Q27953298,child
Q118796621,Q118796059,child
Q118796621,Q118796678,spouse
Q118796678,Q118796059,child
Q118796678,Q118796621,spouse
Q118994184,Q56476186,sibling
Q119431895,Q16177020,sibling
Q119432001,Q119432003,mother
Q119432003,Q119432001,child
Q119432893,Q55734065,father
Q119433166,Q112023765,sibling
Q119433166,Q117434741,sibling
Q119433166,Q131763578,father
Q119433166,Q347423,father
Q119433218,Q120962762,child
Q119433218,Q123310101,child
Q119433218,Q16096971,spouse
Q1195195,Q496170,sibling
Q119600171,Q119600399,father
Q119600171,Q31176632,sibling
Q119600178,Q119600399,child
Q119600399,Q119600171,child
Q119600399,Q119600178,father
Q119600399,Q31176632,child
Q119613757,Q110118135,father
Q119713819,Q459342,father
Q119713819,Q459342,mother
Q119713819,Q85905823,spouse
Q119714071,Q112998760,spouse
Q119714071,Q459342,father
Q119714071,Q459342,mother
Q119715395,Q85905823,child
Q119717651,Q109651638,spouse
Q120197101,Q133458797,sibling
Q120356529,Q12587400,sibling
Q120486183,Q113736989,spouse
Q120562152,Q1255860,mother
Q120562152,Q78317473,spouse
Q120562200,Q78317473,child
Q120703318,Q270857,spouse
Q120960067,Q12604869,mother
Q120962762,Q119433218,father
Q120962762,Q119433218,mother
Q120962762,Q16096971,father
Q120973539,Q120973610,child
Q120973539,Q120973669,spouse
Q120973610,Q120973539,father
Q120973669,Q120973539,spouse
Q120994094,Q121077856,father
Q120994094,Q12587345,spouse
Q121077856,Q120994094,child
Q121077856,Q16092153,sibling
Q121077856,Q625938,father
Q121271683,Q12590113,spouse
Q122138336,Q122138472,spouse
Q122138472,Q122138336,spouse
Q122138472,Q12597730,mother
Q122138480,Q12597730,father
Q122367691,Q11266353,sibling
Q122367691,Q12587534,spouse
Q122367691,Q12610323,child
Q122394708,Q470047,spouse
Q122394708,Q6513165,sibling
Q122394710,Q122394747,child
Q122394710,Q122394748,child
Q122394710,Q12612933,child
Q122394710,Q12612970,child
Q122394710,Q16090742,child
Q122394710,Q16090812,child
Q122394710,Q4933414,father
Q122394710,Q6513165,spouse
Q122394711,Q122394747,spouse
Q122394747,Q122394710,mother
Q122394747,Q122394711,spouse
Q122394747,Q6513165,father
Q122394747,Q6513165,mother
Q122394748,Q122394710,mother
Q122394748,Q5071680,spouse
Q122394748,Q6513165,father
Q122394748,Q6513165,mother
Q122609224,Q109536806,father
Q122609224,Q79404641,child
Q122626021,Q63378998,spouse
Q122641233,Q130280994,sibling
Q122762400,Q12588865,spouse
Q122766915,Q122766931,spouse
Q122766931,Q122766915,spouse
Q122780589,Q89013641,spouse
Q122848233,Q11264742,mother
Q122848233,Q11664077,child
Q122848233,Q12623985,spouse
Q122848289,Q11264742,mother
Q122848289,Q624523,spouse
Q122928283,Q482615,child
Q122945769,Q59670293,sibling
Q122945788,Q1276156,spouse
Q122945788,Q16178675,father
Q122945788,Q16178675,mother
Q123156764,Q130212655,child
Q123156764,Q482867,child
Q123157247,Q4022738,spouse
Q123157387,Q125473654,sibling
Q123241670,Q126684247,child
Q123241995,Q11264690,child
Q123241995,Q16169209,child
Q123241995,Q16262587,child
Q123310101,Q119433218,mother
Q123310101,Q16096971,father
Q123399365,Q87981909,child
Q123532029,Q31179433,father
Q123858212,Q489271,mother
Q123909199,Q12606380,mother
Q123909199,Q12608484,child
Q123909199,Q56824863,spouse
Q123922619,Q12606380,mother
Q123922619,Q21575735,spouse
Q123937759,Q24868670,child
Q123937759,Q7635172,child
Q123984505,Q12602895,sibling
Q123999836,Q137289337,father
Q123999836,Q5646649,father
Q123999836,Q5646649,mother
Q123999841,Q123999851,father
Q123999841,Q16080077,sibling
Q123999841,Q88928280,sibling
Q123999851,Q123999841,child
Q123999851,Q16080077,child
Q124039356,Q165210,child
Q124039365,Q138776158,father
Q124328296,Q12597726,father
Q124458399,Q124458412,sibling
Q124458412,Q124458399,sibling
Q124512816,Q16182672,spouse
Q124512848,Q136644064,sibling
Q124512848,Q16182672,child
Q124512848,Q16191908,sibling
Q124709161,Q12595907,child
Q124709161,Q55729811,child
Q124739844,Q489778,father
Q124961755,Q65060693,sibling
Q124962310,Q165210,child
Q124962367,Q12616661,mother
Q125121411,Q3251327,father
Q125173153,Q482639,father
Q125251562,Q96759858,sibling
Q125449658,Q130376188,spouse
Q125473654,Q123157387,sibling
Q125487412,Q552176,spouse
Q1255860,Q120562152,child
Q12582936,Q16726313,father
Q12582983,Q16092562,spouse
Q12583172,Q625144,spouse
Q12583172,Q6362185,child
Q12583609,Q493893,father
Q12583935,Q469387,spouse
Q12583935,Q485587,father
Q12583935,Q6732223,mother
Q12584207,Q6776454,spouse
Q12584230,Q16180564,child
Q12584306,Q130333062,father
Q12584306,Q130333064,spouse
Q12584306,Q130333065,spouse
Q12584306,Q130333622,child
Q12584842,Q12587932,grandchild
Q12584850,Q16080421,spouse
Q12584872,Q16068635,spouse
Q12585346,Q16177963,father
Q12585524,Q1276156,child
Q12585524,Q16163145,child
Q12585524,Q16163642,father
Q12585524,Q16177963,child
Q12585561,Q16093226,child
Q12585561,Q16163642,sibling
Q12585567,Q16162707,sibling
Q12585923,Q18998572,father
Q12586076,Q493857,spouse
Q12586158,Q126936619,sibling
Q12586158,Q126936887,father
Q12586510,Q16080136,child
Q12586510,Q625212,child
Q12586907,Q486374,father
Q12586961,Q94381115,child
Q12586991,Q16178657,father
Q12587187,Q495636,father
Q12587262,Q16177903,spouse
Q12587265,Q6408665,father
Q12587304,Q16178213,father
Q12587345,Q120994094,spouse
Q12587400,Q120356529,sibling
Q12587472,Q118646424,child
Q12587534,Q122367691,spouse
Q12587539,Q16180926,father
Q12587539,Q495636,sibling
Q12587691,Q489006,child
Q12587695,Q108391826,father
Q12587821,Q16173946,spouse
Q12587863,Q23009367,child
Q12587869,Q21710292,child
Q12587913,Q16160132,spouse
Q12587932,Q12584842,grandmother
Q12587932,Q16080301,child
Q12587932,Q215737,father
Q12587936,Q16177593,child
Q12587966,Q16175372,child
Q12587966,Q626644,child
Q12587988,Q16178213,father
Q12588035,Q16170972,child
Q12588041,Q16080287,child
Q12588105,Q625650,child
Q12588172,Q7253672,child
Q12588209,Q16080217,child
Q12588463,Q18444053,sibling
Q12588486,Q16080234,father
Q12588577,Q623521,father
Q12588638,Q626718,spouse
Q12588656,Q16080303,father
Q12588765,Q624322,child
Q12588789,Q13957114,spouse
Q12588796,Q18381259,spouse
Q12588854,Q486180,spouse
Q12588865,Q122762400,spouse
Q12589040,Q333163,sibling
Q12589044,Q486151,spouse
Q12589061,Q6679200,sibling
Q12589148,Q16080532,sibling
Q12589246,Q165210,father
Q12589280,Q112027870,child
Q12589306,Q6409686,sibling
Q12589318,Q7204311,spouse
Q12589360,Q16170554,spouse
Q12589492,Q16179029,father
Q12589492,Q466477,sibling
Q12589495,Q485905,spouse
Q12589581,Q6956451,sibling
Q12589992,Q16187455,sibling
Q12590006,Q7253672,child
Q12590047,Q384293,spouse
Q12590113,Q121271683,spouse
Q12590443,Q16219820,sibling
Q12590443,Q242651,father
Q12590443,Q625650,mother
Q12593129,Q277225,child
Q12593132,Q277225,father
Q12593614,Q482991,sibling
Q12594295,Q7332119,spouse
Q12594317,Q18328683,father
Q12595003,Q21521682,father
Q12595703,Q626438,sibling
Q12595795,Q626273,spouse
Q12595795,Q6781815,child
Q12595851,Q484380,sibling
Q12595851,Q626438,father
Q12595907,Q124709161,father
Q12595907,Q97229899,child
Q12596272,Q6673667,child
Q12596272,Q6853912,child
Q12596301,Q16172151,child
Q12596572,Q16180796,child
Q12596616,Q16181530,child
Q12596616,Q445643,spouse
Q12596616,Q494412,child
Q12596619,Q625096,spouse
Q12596724,Q6784089,father
Q12596800,Q130717417,child
Q12596927,Q484380,child
Q12596927,Q626438,spouse
Q12596983,Q116694686,child
Q12597050,Q492756,father
Q12597152,Q22975015,spouse
Q12597152,Q24000291,child
Q12597152,Q24856218,child
Q12597152,Q7137915,father
Q12597193,Q16082602,sibling
Q12597196,Q14425626,father
Q12597196,Q16068605,spouse
Q12597217,Q485894,spouse
Q12597240,Q130192069,spouse
Q12597257,Q16081781,child
Q12597258,Q117820470,spouse
Q12597311,Q85360203,spouse
Q12597350,Q16079960,child
Q12597420,Q302096,child
Q12597529,Q16177650,child
Q12597529,Q6791544,father
Q12597562,Q6791544,sibling
Q12597615,Q22974740,spouse
Q12597726,Q124328296,child
Q12597726,Q158056,child
Q12597730,Q122138472,child
Q12597730,Q122138480,child
Q12597730,Q16178789,father
Q12597820,Q115738570,father
Q12597871,Q28699503,sibling
Q12597876,Q16178789,sibling
Q12598177,Q486028,spouse
Q12598212,Q16181449,sibling
Q12598212,Q24000434,father
Q12600889,Q7635171,child
Q12601458,Q16079909,spouse
Q12601473,Q489173,sibling
Q12601473,Q6781666,spouse
Q12601620,Q7451534,sibling
Q12601730,Q16083487,father
Q12601811,Q107109310,sibling
Q12601874,Q16190028,spouse
Q12601878,Q15294611,father
Q12602626,Q16184854,sibling
Q12602743,Q489667,sibling
Q12602751,Q113736989,sibling
Q12602751,Q118611042,father
Q12602760,Q5610843,spouse
Q12602770,Q16090231,child
Q12602895,Q123984505,sibling
Q12602952,Q17128390,child
Q12602985,Q16183607,spouse
Q12604087,Q97339166,child
Q12604156,Q494290,father
Q12604162,Q378483,spouse
Q12604162,Q498707,child
Q12604162,Q626461,child
Q12604190,Q16091326,spouse
Q12604190,Q91285135,child
Q12604197,Q7848255,spouse
Q12604339,Q494290,father
Q12604506,Q494290,father
Q12604575,Q112817112,spouse
Q12604585,Q118127099,child
Q12604585,Q118127204,child
Q12604595,Q16160030,child
Q12604649,Q168567,sibling
Q12604838,Q16080266,spouse
Q12604869,Q120960067,child
Q12604889,Q127691741,father
Q12604953,Q16091556,spouse
Q12604953,Q85981736,father
Q12605541,Q16080234,spouse
Q12605888,Q130602726,spouse
Q12606300,Q16085021,sibling
Q12606380,Q123909199,child
Q12606380,Q123922619,child
Q12606391,Q16090896,spouse
Q12606494,Q15344562,sibling
Q12607850,Q483344,spouse
Q12607934,Q486374,child
Q12607934,Q490001,spouse
Q12607942,Q486079,spouse
Q12608001,Q18381077,spouse
Q12608049,Q493322,spouse
Q12608484,Q123909199,mother
Q126085540,Q55727141,spouse
Q12609551,Q483344,spouse
Q12609690,Q20010834,sibling
Q12609695,Q17128390,child
Q12609867,Q18815657,father
Q12610079,Q624515,father
Q12610164,Q390099,sibling
Q12610168,Q390099,child
Q12610215,Q192049,father
Q12610215,Q625389,mother
Q12610256,Q16090681,sibling
Q12610256,Q16171980,father
Q12610256,Q17238247,spouse
Q12610256,Q6617244,spouse
Q12610262,Q17503946,child
Q12610274,Q192049,father
Q12610274,Q625389,mother
Q12610322,Q19599257,father
Q12610323,Q122367691,mother
Q12610328,Q17503946,sibling
Q12610338,Q3565110,father
Q12610338,Q623495,sibling
Q12610401,Q116448127,mother
Q12610401,Q16097635,father
Q12610403,Q16173139,child
Q12610411,Q16173236,child
Q12610411,Q192111,father
Q12610421,Q16171539,father
Q12610444,Q491240,grandfather
Q12610476,Q24861296,father
Q12610476,Q482900,child
Q12610476,Q496634,child
Q12610504,Q16090675,child
Q12610504,Q192049,sibling
Q12610509,Q27306309,child
Q12610845,Q14623809,spouse
Q12610846,Q625096,father
Q12610944,Q487728,father
Q12610950,Q85983979,sibling
Q12611009,Q39040353,sibling
Q12611012,Q39040353,sibling
Q12611257,Q6515011,sibling
Q12611345,Q16091081,child
Q12611345,Q16181530,sibling
Q12611345,Q445643,father
Q12611345,Q494412,sibling
Q12611389,Q137292194,grandchild
Q12611389,Q16091679,child
Q12611389,Q16181530,sibling
Q12611389,Q21710482,child
Q12611389,Q445643,father
Q12611389,Q494412,sibling
Q12611404,Q6824264,spouse
Q12611423,Q16091081,sibling
Q12611431,Q16091539,spouse
Q12611431,Q486074,child
Q12611449,Q6408910,spouse
Q12611579,Q624924,spouse
Q12611590,Q16091370,spouse
Q12611590,Q494412,father
Q12611590,Q624109,sibling
Q12611683,Q486559,sibling
Q12611701,Q103820496,child
Q12611701,Q494412,father
Q12611701,Q624109,sibling
Q12611977,Q208203,spouse
Q12611996,Q116694689,child
Q12611996,Q116694690,child
Q12612052,Q16160910,spouse
Q12612110,Q485170,child
Q12612132,Q109564635,spouse
Q12612144,Q484002,father
Q12612192,Q28699292,child
Q12612298,Q16090711,sibling
Q12612345,Q16097635,child
Q12612345,Q470047,spouse
Q12612362,Q19161954,father
Q12612399,Q113840,mother
Q12612399,Q171684,father
Q12612445,Q16091018,sibling
Q12612463,Q126683810,spouse
Q12612507,Q108195481,child
Q12612507,Q15712054,sibling
Q12612531,Q486374,spouse
Q12612531,Q4934381,child
Q12612541,Q16184854,sibling
Q12612563,Q105705613,spouse
Q12612573,Q16090896,child
Q12612573,Q16090991,child
Q12612583,Q6424117,spouse
Q12612620,Q486262,grandchild
Q12612742,Q16097650,child
Q12612827,Q14483063,spouse
Q12612841,Q6514303,child
Q12612843,Q6781730,spouse
Q12612881,Q16181530,sibling
Q12612881,Q16181825,child
Q12612881,Q445643,father
Q12612881,Q494412,sibling
Q12612902,Q16880402,sibling
Q12612902,Q16978897,sibling
Q12612902,Q16978911,sibling
Q12612933,Q122394710,mother
Q12612933,Q6513165,father
Q12612933,Q6514127,child
Q12612970,Q122394710,mother
Q12612970,Q6513165,father
Q12613036,Q104540906,sibling
Q12613036,Q490130,spouse
Q12613069,Q487728,father
Q12613186,Q313968,spouse
Q12613188,Q21575632,spouse
Q12613188,Q24856074,father
Q12613422,Q16091326,child
Q12613866,Q19349718,father
Q12613866,Q624109,spouse
Q12613912,Q625199,spouse
Q12613979,Q16068080,spouse
Q12614364,Q17504093,child
Q12614364,Q186500,child
Q12614470,Q17504093,sibling
Q12614470,Q186500,sibling
Q12614474,Q379662,father
Q12614533,Q16068617,father
Q12614533,Q494190,sibling
Q12614608,Q24000773,child
Q12614610,Q16092077,child
Q12614610,Q28698539,child
Q12614665,Q130181745,sibling
Q12614665,Q130181946,father
Q12614665,Q24238917,child
Q12614683,Q19940963,father
Q12614710,Q1699586,sibling
Q12614710,Q186500,father
Q12614742,Q16097769,father
Q12614771,Q130181745,father
Q12614771,Q130181937,spouse
Q12614771,Q31179364,sibling
Q12614774,Q16080674,child
Q12614782,Q21710408,sibling
Q12614963,Q79906103,father
Q12615206,Q16178678,mother
Q12615206,Q482694,sibling
Q12615271,Q21060156,sibling
Q12615272,Q131309015,spouse
Q12615272,Q16081621,spouse
Q12615272,Q21060156,sibling
Q12615382,Q16091531,father
Q12615523,Q24861830,sibling
Q12615545,Q6958033,spouse
Q12615582,Q468467,father
Q12615583,Q468467,father
Q12615584,Q111705680,child
Q12615586,Q468467,father
Q12615755,Q483218,sibling
Q12615792,Q6747264,spouse
Q12615825,Q16080019,spouse
Q12615825,Q18116792,sibling
Q12615825,Q19939280,child
Q12615825,Q27058672,child
Q12615826,Q79926136,father
Q12615941,Q18116792,child
Q12615959,Q85010123,child
Q12615983,Q16091679,child
Q12615983,Q19941054,father
Q12615983,Q21710482,child
Q12616026,Q5116286,spouse
Q12616038,Q16091629,father
Q12616132,Q19941075,child
Q12616199,Q16181019,spouse
Q12616346,Q87981909,sibling
Q12616590,Q107617686,child
Q12616637,Q16097986,father
Q12616661,Q124962367,child
Q12616661,Q16865218,child
Q12616661,Q482413,child
Q12616720,Q17504204,child
Q12616720,Q18567368,child
Q12616843,Q6617014,father
Q12616878,Q486241,father
Q12616934,Q83553434,father
Q12616984,Q16091888,sibling
Q12616984,Q489323,father
Q12617008,Q85985151,father
Q12617042,Q6312600,spouse
Q12617413,Q113107197,spouse
Q12617843,Q158056,grandfather
Q12617992,Q489874,spouse
Q12618040,Q16173739,child
Q12618040,Q20651852,child
Q12618258,Q105705503,spouse
Q12618537,Q1580046,father
Q12618537,Q490410,sibling
Q12618537,Q6652730,spouse
Q12618654,Q493946,father
Q12618764,Q16092094,spouse
Q12618764,Q16098259,sibling
Q12619615,Q113016052,child
Q12619791,Q16176230,spouse
Q12619808,Q32059867,child
Q12619818,Q16068152,spouse
Q12619846,Q16173248,sibling
Q12619846,Q31178662,child
Q12619846,Q84040,child
Q12619904,Q712012,sibling
Q12619904,Q83158281,father
Q126207848,Q483683,child
Q12622026,Q115039848,sibling
Q12622440,Q5636423,sibling
Q12623928,Q81227097,child
Q12623985,Q122848233,spouse
Q12623986,Q2598021,child
Q12623986,Q5646649,sibling
Q12623986,Q625786,spouse
Q12624043,Q20859562,spouse
Q12624049,Q5646649,sibling
Q12624050,Q16017432,mother
Q12624051,Q16017432,mother
Q12624054,Q16017432,mother
Q12624092,Q5646649,child
Q12624116,Q16092077,spouse
Q12624116,Q16173477,father
Q12624661,Q16091843,spouse
Q12624812,Q5731547,father
Q12624816,Q16262220,father
Q12624868,Q4532603,father
Q12625359,Q16177593,mother
Q12625359,Q16179644,sibling
Q12625359,Q494412,spouse
Q12625359,Q624109,child
Q12625359,Q625257,sibling
Q12625401,Q112037991,child
Q12625419,Q111940059,spouse
Q12625419,Q16091556,child
Q12625446,Q117325325,father
Q12625489,Q117325325,child
Q12625503,Q16177593,spouse
Q12625503,Q16179644,child
Q12625503,Q625257,child
Q12625538,Q21080999,spouse
Q12625541,Q16090711,child
Q12625854,Q625555,spouse
Q12625857,Q17213751,spouse
Q12626230,Q485587,father
Q12626230,Q6732223,mother
Q126683810,Q12612463,spouse
Q126683810,Q134774891,child
Q126683810,Q134823137,child
Q126684135,Q19349619,sibling
Q126684135,Q4968027,mother
Q126684243,Q131451173,father
Q126684243,Q2315679,sibling
Q126684243,Q83945397,sibling
Q126684247,Q123241670,father
Q126684410,Q97199071,child
Q126743048,Q126743759,spouse
Q126743048,Q126743763,spouse
Q126743048,Q31179655,child
Q126743048,Q97198853,father
Q126743048,Q97198853,mother
Q126743759,Q126743048,spouse
Q126743759,Q31179655,child
Q126743763,Q126743048,spouse
Q126936619,Q102266502,child
Q126936619,Q12586158,sibling
Q126936619,Q126936887,father
Q126936619,Q126936887,mother
Q126936887,Q12586158,child
Q126936887,Q126936619,child
Q126937178,Q78578037,sibling
Q126974531,Q56660174,child
Q127269267,Q127269286,child
Q127269267,Q19940527,child
Q127269286,Q127269267,father
Q127269286,Q19940527,sibling
Q127605666,Q127816710,spouse
Q127605666,Q128805,child
Q127605666,Q56489891,child
Q127605666,Q93759105,child
Q1276156,Q122945788,spouse
Q1276156,Q12585524,father
Q1276156,Q16163145,sibling
Q1276156,Q16177963,sibling
Q127684719,Q127689684,child
Q127684719,Q127689692,child
Q127684742,Q496799,child
Q127689684,Q127684719,mother
Q127689684,Q127689692,sibling
Q127689684,Q484024,spouse
Q127689692,Q127684719,father
Q127689692,Q127684719,mother
Q127689692,Q127689684,sibling
Q127689692,Q56489891,spouse
Q127691741,Q12604889,child
Q127691741,Q16163373,child
Q127691741,Q625225,child
Q127813637,Q127819773,child
Q127813637,Q484024,child
Q127816710,Q127605666,spouse
Q127816710,Q128805,child
Q127816710,Q56489891,child
Q127816710,Q93759105,child
Q127819773,Q127813637,father
Q127819773,Q484024,sibling
Q1280778,Q317824,father
Q12834850,Q6711159,spouse
Q128454,Q334111,spouse
Q128454,Q4857706,father
Q128805,Q127605666,father
Q128805,Q127816710,father
Q128805,Q127816710,mother
Q128812698,Q490114,spouse
Q128812698,Q55734052,child
Q128812698,Q7336146,mother
Q129471,Q482783,sibling
Q12964947,Q17964143,sibling
Q12965580,Q6679138,spouse
Q12966451,Q16175060,mother
Q12966451,Q16179779,sibling
Q12966451,Q6408910,father
Q12966460,Q16079983,spouse
Q12970204,Q25559386,sibling
Q12972710,Q491392,child
Q129811612,Q1857571,father
Q129812203,Q1857571,mother
Q130029993,Q117133918,child
Q130181745,Q12614665,sibling
Q130181745,Q12614771,child
Q130181745,Q130181946,father
Q130181745,Q31179364,child
Q130181937,Q12614771,spouse
Q130181946,Q12614665,child
Q130181946,Q130181745,child
Q130181946,Q130182176,father
Q130181946,Q16171525,sibling
Q130182176,Q130181946,child
Q130182176,Q16171525,child
Q130192025,Q16090909,child
Q130192025,Q16177800,child
Q130192025,Q16177852,child
Q130192069,Q12597240,spouse
Q130192069,Q16177800,mother
Q130212655,Q123156764,father
Q130212655,Q123156764,mother
Q130212655,Q482867,sibling
Q130217472,Q2948453,child
Q130280994,Q122641233,sibling
Q130333062,Q12584306,child
Q130333064,Q12584306,spouse
Q130333064,Q130333622,child
Q130333064,Q494662,father
Q130333064,Q494662,mother
Q130333065,Q12584306,spouse
Q130333622,Q12584306,mother
Q130333622,Q130333064,mother
Q130360428,Q28698535,spouse
Q130360428,Q488446,father
Q130360428,Q488446,mother
Q130370356,Q26299233,spouse
Q130376187,Q14345,father
Q130376187,Q482738,father
Q130376187,Q482738,mother
Q130376188,Q125449658,spouse
Q130376188,Q14345,mother
Q130376188,Q482738,mother
Q130381184,Q130381190,spouse
Q130381190,Q130381184,spouse
Q130411748,Q16098012,father
Q130411748,Q623681,sibling
Q130536812,Q110941547,father
Q130540114,Q134302393,sibling
Q130540249,Q78777761,child
Q130602726,Q12605888,spouse
Q130629511,Q130629545,sibling
Q130629545,Q130629511,sibling
Q130629970,Q130630040,spouse
Q130630040,Q130629970,spouse
Q130717393,Q16181461,child
Q130717393,Q16181911,father
Q130717393,Q16181911,mother
Q130717417,Q12596800,mother
Q130717417,Q31179278,child
Q130720075,Q130726231,child
Q130720075,Q94683067,child
Q130726231,Q130720075,father
Q130726231,Q130720075,mother
Q130726231,Q94683067,sibling
Q130806215,Q136086493,father
Q130806215,Q20010819,father
Q13099645,Q16904075,child
Q13099645,Q493752,sibling
Q131128354,Q59670293,sibling
Q131174172,Q131174655,spouse
Q131174655,Q131174172,spouse
Q131195713,Q498199,spouse
Q131195713,Q79404316,father
Q131226562,Q136121491,father
Q131226562,Q22952,sibling
Q131309015,Q12615272,spouse
Q131309015,Q494662,father
Q131309015,Q494662,mother
Q131309015,Q56274053,spouse
Q131316099,Q488817,father
Q131316099,Q97208502,father
Q131316099,Q97208502,mother
Q131451173,Q126684243,child
Q131451173,Q2315679,child
Q131451173,Q83945397,child
Q131472201,Q16177475,father
Q131521403,Q131577236,spouse
Q131547612,Q18999514,father
Q131577236,Q131521403,spouse
Q131724647,Q356666,spouse
Q131747508,Q30343074,spouse
Q131757948,Q111175072,spouse
Q131757948,Q16090635,child
Q131763578,Q112023765,child
Q131763578,Q117434741,child
Q131763578,Q119433166,child
Q131763578,Q347423,spouse
Q131933141,Q16080136,child
Q131933141,Q625212,child
Q132431675,Q24087830,sibling
Q133255354,Q19940399,spouse
Q133458797,Q120197101,sibling
Q133680537,Q97860549,spouse
Q133820861,Q310971,sibling
Q133820861,Q346751,father
Q133820861,Q79611370,sibling
Q133850234,Q16090786,sibling
Q133850234,Q496842,mother
Q133850234,Q6783126,sibling
Q133867239,Q31178879,spouse
Q13423737,Q3484849,sibling
Q134292882,Q16091128,spouse
Q134293476,Q85011425,father
Q134293478,Q85011425,father
Q134294425,Q380681,spouse
Q134294455,Q6784197,spouse
Q134302393,Q130540114,sibling
Q134302393,Q16094998,spouse
Q134302698,Q626739,spouse
Q134316129,Q486177,spouse
Q134316159,Q16180421,child
Q134316159,Q21825481,child
Q13432221,Q6409055,child
Q134367147,Q110114279,child
Q134367147,Q22972967,child
Q134367147,Q232449,child
Q134367152,Q110114279,child
Q134367152,Q22972967,child
Q134367152,Q232449,child
Q134367213,Q488752,father
Q134367214,Q488752,father
Q134367214,Q626667,spouse
Q134367247,Q626667,father
Q134411657,Q483362,father
Q134411657,Q624795,child
Q134411774,Q624795,child
Q134411914,Q469432,father
Q134411914,Q7214169,mother
Q13452302,Q88636580,spouse
Q134571070,Q6408870,spouse
Q134605970,Q117434860,spouse
Q134690881,Q105706774,sibling
Q134720212,Q16169562,spouse
Q134774891,Q126683810,mother
Q13482021,Q498053,sibling
Q134823137,Q126683810,mother
Q134986685,Q85360251,spouse
Q134986685,Q94619817,father
Q135085240,Q85360251,child
Q135255720,Q379396,spouse
Q135371199,Q105258245,sibling
Q13553537,Q484027,sibling
Q135688280,Q104416379,sibling
Q135688280,Q4978038,mother
Q13580246,Q334504,spouse
Q135864833,Q15850993,child
Q135865399,Q15850993,child
Q136086493,Q130806215,child
Q136086493,Q20010816,child
Q136086493,Q20010819,spouse
Q136121491,Q131226562,child
Q136449637,Q116694691,child
Q136449637,Q16178686,spouse
Q13646009,Q490938,spouse
Q13646009,Q626991,sibling
Q136562810,Q94405692,child
Q136562846,Q94405692,sibling
Q136644064,Q124512848,sibling
Q136644064,Q16191908,sibling
Q136648441,Q97339801,spouse
Q136681494,Q16091463,sibling
Q136696989,Q626601,sibling
Q136696989,Q6811775,sibling
Q137289337,Q123999836,child
Q137289337,Q5646649,spouse
Q137289337,Q94518753,child
Q137292194,Q12611389,grandmother
Q137292194,Q21710482,mother
Q137299644,Q333042,child
Q137299658,Q484751,child
Q137441198,Q18815392,sibling
Q137644901,Q17314305,child
Q137644901,Q402179,child
Q137753519,Q111175072,child
Q137799068,Q38244065,child
Q138048,Q14356,mother
Q138048,Q20859562,sibling
Q138048,Q390099,mother
Q138048,Q7848255,sibling
Q138048,Q7848332,sibling
Q138133863,Q109455355,child
Q138133863,Q19349718,spouse
Q138133863,Q492756,father
Q138303314,Q19657173,spouse
Q138326542,Q16169270,father
Q138326546,Q16171539,spouse
Q138326546,Q16179034,father
Q138326547,Q16171539,father
Q138326686,Q16173236,child
Q138326686,Q192111,father
Q138326687,Q192111,father
Q138776158,Q124039365,child
Q13957114,Q12588789,spouse
Q14304,Q16176271,child
Q14304,Q16180284,sibling
Q14304,Q16180324,child
Q14304,Q16181942,sibling
Q14304,Q16182147,spouse
Q14304,Q16185153,child
Q14304,Q3382230,sibling
Q14304,Q378483,father
Q14304,Q483255,child
Q14304,Q483467,sibling
Q14304,Q485556,sibling
Q14304,Q486251,child
Q14304,Q488670,sibling
Q14304,Q488700,sibling
Q14304,Q498707,sibling
Q14304,Q498713,sibling
Q14304,Q626461,sibling
Q14304,Q6743293,mother
Q14304,Q6853912,spouse
Q14320941,Q6515011,spouse
Q14342,Q110941547,father
Q14342,Q116467106,child
Q14342,Q116467107,child
Q14342,Q496572,spouse
Q14342,Q625487,sibling
Q14345,Q130376187,child
Q14345,Q130376188,child
Q14345,Q482738,spouse
Q14356,Q138048,child
Q14356,Q20855604,sibling
Q14356,Q20855638,sibling
Q14356,Q20855789,sibling
Q14356,Q20855812,sibling
Q14356,Q20859562,child
Q14356,Q390099,spouse
Q14356,Q6784157,father
Q14356,Q7847945,sibling
Q14356,Q7848255,child
Q14356,Q7848332,child
Q14362,Q21060156,child
Q14362,Q79906103,father
Q14425626,Q12597196,child
Q14483063,Q12612827,spouse
Q14552393,Q11739237,sibling
Q14623809,Q12610845,spouse
Q14723581,Q15971448,sibling
Q14723581,Q433389,sibling
Q1478446,Q517090,spouse
Q14850145,Q24856209,sibling
Q14864448,Q117012326,sibling
Q14864448,Q56226,mother
Q14864448,Q714658,mother
Q15057674,Q296734,father
Q15057674,Q4307061,sibling
Q15057674,Q4307062,sibling
Q15057674,Q486569,sibling
Q15057674,Q497174,father
Q15057674,Q497174,mother
Q15057674,Q562683,sibling
Q1510259,Q107999611,father
Q15120995,Q16093283,spouse
Q15125241,Q842800,spouse
Q15139424,Q378483,sibling
Q15139424,Q497473,father
Q15139424,Q8512758,sibling
Q15139424,Q8512766,sibling
Q15294611,Q12601878,child
Q15344562,Q12606494,sibling
Q15344562,Q16875862,child
Q153778,Q391400,sibling
Q153778,Q626491,sibling
Q1541644,Q6408881,spouse
Q15666746,Q485308,child
Q15703547,Q28530017,sibling
Q15707513,Q16080219,sibling
Q15707513,Q16177672,spouse
Q15707513,Q16181033,sibling
Q15707513,Q56804778,sibling
Q15711594,Q6409364,father
Q15712054,Q12612507,sibling
Q15725272,Q17346080,father
Q15725272,Q17346080,mother
Q15732940,Q493893,sibling
Q15732940,Q493930,sibling
Q15788028,Q6408543,sibling
Q1580046,Q12618537,child
Q1580046,Q490410,child
Q158056,Q12597726,father
Q158056,Q12617843,grandchild
Q158056,Q3816460,spouse
Q15850993,Q135864833,father
Q15850993,Q135865399,father
Q1587695,Q5951894,child
Q15937927,Q496004,sibling
Q15971448,Q14723581,sibling
Q15971448,Q433389,sibling
Q15971448,Q486706,spouse
Q15985300,Q112967934,sibling
Q16017432,Q12624050,child
Q16017432,Q12624051,child
Q16017432,Q12624054,child
Q16067759,Q16176013,father
Q16067759,Q16176013,mother
Q16068080,Q12613979,spouse
Q16068152,Q12619818,spouse
Q16068586,Q483216,spouse
Q16068605,Q12597196,spouse
Q16068617,Q12614533,child
Q16068617,Q494190,child
Q16068635,Q12584872,spouse
Q16070048,Q496627,father
Q16070048,Q496627,mother
Q16071030,Q18697707,sibling
Q16079902,Q492756,father
Q16079909,Q12601458,spouse
Q16079909,Q55730792,child
Q16079960,Q12597350,father
Q16079983,Q12966460,spouse
Q16080013,Q113001490,father
Q16080019,Q12615825,spouse
Q16080019,Q19939280,child
Q16080019,Q27058672,child
Q16080024,Q17157525,spouse
Q16080033,Q109546642,child
Q16080034,Q11266309,spouse
Q16080034,Q16177000,child
Q16080077,Q123999841,sibling
Q16080077,Q123999851,father
Q16080077,Q88928280,sibling
Q16080135,Q482815,spouse
Q16080136,Q12586510,father
Q16080136,Q131933141,father
Q16080136,Q625212,sibling
Q16080163,Q90941454,sibling
Q16080217,Q12588209,father
Q16080217,Q16177870,child
Q16080219,Q15707513,sibling
Q16080219,Q16181033,sibling
Q16080219,Q56804778,sibling
Q16080231,Q55728172,child
Q16080234,Q12588486,child
Q16080234,Q12605541,spouse
Q16080234,Q55728317,child
Q16080243,Q494222,spouse
Q16080266,Q12604838,spouse
Q16080268,Q59594486,spouse
Q16080270,Q4502171,sibling
Q16080285,Q16180037,father
Q16080287,Q12588041,father
Q16080288,Q16093399,father
Q16080301,Q12587932,mother
Q16080301,Q16929680,father
Q16080303,Q12588656,child
Q16080333,Q79404610,sibling
Q16080365,Q111744887,spouse
Q16080368,Q6682161,father
Q16080368,Q6682161,mother
Q16080380,Q56651569,child
Q16080384,Q6610677,spouse
Q16080415,Q118646424,father
Q16080421,Q12584850,spouse
Q16080532,Q12589148,sibling
Q16080552,Q623737,spouse
Q16080674,Q12614774,father
Q16080717,Q18999044,mother
Q16080760,Q31176758,spouse
Q16080834,Q16080838,sibling
Q16080838,Q16080834,sibling
Q16080982,Q6652976,spouse
Q16081058,Q47004960,spouse
Q16081153,Q16171881,father
Q16081153,Q16172528,sibling
Q16081413,Q7137910,father
Q16081587,Q492756,father
Q16081621,Q12615272,spouse
Q16081747,Q492756,father
Q16081781,Q12597257,father
Q16081942,Q23994986,spouse
Q16082002,Q486134,spouse
Q16082602,Q12597193,sibling
Q16082942,Q22973916,father
Q16082942,Q6711063,spouse
Q16083277,Q93752810,sibling
Q16083487,Q12601730,child
Q16084347,Q459342,father
Q16084406,Q16176070,spouse
Q16084618,Q16168972,father
Q16084618,Q16168972,mother
Q16084762,Q94429593,child
Q16084830,Q112660455,sibling
Q16084970,Q16094364,spouse
Q16085021,Q12606300,sibling
Q16090147,Q10855903,sibling
Q16090231,Q12602770,mother
Q16090398,Q8031686,child
Q16090420,Q16091210,spouse
Q16090431,Q97198138,sibling
Q16090573,Q3700561,father
Q16090635,Q107805133,spouse
Q16090635,Q111175072,father
Q16090635,Q131757948,father
Q16090635,Q131757948,mother
Q16090675,Q12610504,father
Q16090681,Q12610256,sibling
Q16090681,Q16171980,father
Q16090711,Q12612298,sibling
Q16090711,Q12625541,father
Q16090742,Q122394710,father
Q16090742,Q122394710,mother
Q16090742,Q6513165,father
Q16090786,Q133850234,sibling
Q16090786,Q18648469,father
Q16090786,Q18648469,mother
Q16090786,Q483571,spouse
Q16090786,Q496842,mother
Q16090786,Q6783126,sibling
Q16090812,Q122394710,father
Q16090812,Q122394710,mother
Q16090812,Q6513165,father
Q16090891,Q56804102,spouse
Q16090891,Q56804206,father
Q16090891,Q56804266,child
Q16090896,Q12606391,spouse
Q16090896,Q12612573,father
Q16090896,Q16090991,sibling
Q16090909,Q130192025,father
Q16090975,Q50606,spouse
Q16090987,Q23995055,father
Q16090987,Q23995055,mother
Q16090987,Q485640,sibling
Q16090987,Q55729811,mother
Q16090991,Q12612573,father
Q16090991,Q16090896,sibling
Q16091018,Q12612445,sibling
Q16091081,Q12611345,father
Q16091081,Q12611423,sibling
Q16091093,Q18070620,spouse
Q16091096,Q56654997,child
Q16091128,Q134292882,spouse
Q16091140,Q6513549,sibling
Q16091150,Q7137665,spouse
Q16091160,Q17172288,mother
Q16091160,Q485170,father
Q16091160,Q485170,mother
Q16091210,Q16090420,spouse
Q16091294,Q33082981,spouse
Q16091306,Q196676,sibling
Q16091306,Q496509,child
Q16091306,Q56804778,spouse
Q16091326,Q12604190,spouse
Q16091326,Q12613422,mother
Q16091326,Q91285135,child
Q16091370,Q12611590,spouse
Q16091408,Q115011574,child
Q16091408,Q5071636,father
Q16091463,Q136681494,sibling
Q16091504,Q16091631,sibling
Q16091531,Q12615382,child
Q16091539,Q12611431,spouse
Q16091539,Q16183695,father
Q16091539,Q17401428,sibling
Q16091539,Q486074,child
Q16091539,Q6747187,father
Q16091539,Q6747187,mother
Q16091556,Q111940059,father
Q16091556,Q12604953,spouse
Q16091556,Q12625419,father
Q16091629,Q12616038,child
Q16091631,Q16091504,sibling
Q16091679,Q12611389,father
Q16091679,Q12615983,father
Q16091679,Q21710482,sibling
Q16091679,Q488025,spouse
Q16091786,Q17238268,child
Q16091843,Q110117644,sibling
Q16091843,Q12624661,spouse
Q16091847,Q56651591,spouse
Q16091888,Q12616984,sibling
Q16091888,Q489323,father
Q16091894,Q112660393,sibling
Q16091900,Q16179287,father
Q16091951,Q24323646,child
Q16091964,Q22975111,spouse
Q16091964,Q24857647,child
Q16092009,Q8052399,spouse
Q16092068,Q60608380,spouse
Q16092070,Q486151,sibling
Q16092077,Q12614610,father
Q16092077,Q12624116,spouse
Q16092077,Q28357800,father
Q16092094,Q12618764,spouse
Q16092153,Q121077856,sibling
Q16092153,Q625938,father
Q16092160,Q118494170,spouse
Q16092163,Q107443498,child
Q16092273,Q489797,sibling
Q16092482,Q624392,father
Q16092482,Q624392,mother
Q16092562,Q12582983,spouse
Q16093226,Q12585561,father
Q16093283,Q15120995,spouse
Q16093399,Q16080288,child
Q16093452,Q24355800,sibling
Q16094364,Q16084970,spouse
Q16094920,Q27951972,sibling
Q16094944,Q17217729,sibling
Q16094998,Q134302393,spouse
Q16095602,Q90292902,child
Q16096971,Q119433218,spouse
Q16096971,Q120962762,child
Q16096971,Q123310101,child
Q16097635,Q116448127,spouse
Q16097635,Q12610401,child
Q16097635,Q12612345,father
Q16097635,Q470047,father
Q16097650,Q12612742,father
Q16097769,Q12614742,child
Q16097900,Q16726585,spouse
Q16097986,Q12616637,child
Q16098012,Q130411748,child
Q16098012,Q623681,child
Q16098259,Q12618764,sibling
Q16160030,Q12604595,father
Q16160132,Q12587913,spouse
Q16160910,Q12612052,spouse
Q16162707,Q12585567,sibling
Q16163145,Q12585524,father
Q16163145,Q1276156,sibling
Q16163145,Q16177963,sibling
Q16163303,Q55736005,sibling
Q16163373,Q127691741,father
Q16163642,Q12585524,child
Q16163642,Q12585561,sibling
Q16163854,Q55736005,child
Q16166065,Q22974658,spouse
Q16166404,Q334312,spouse
Q16168020,Q16181683,spouse
Q16168020,Q482738,child
Q16168773,Q49249362,father
Q16168773,Q83551526,child
Q16168961,Q433295,child
Q16168972,Q16084618,child
Q16169209,Q123241995,father
Q16169270,Q138326542,child
Q16169562,Q134720212,spouse
Q16169562,Q8055175,child
Q16169960,Q489934,spouse
Q16170392,Q3033213,child
Q16170554,Q12589360,spouse
Q16170972,Q12588035,father
Q16171525,Q130181946,sibling
Q16171525,Q130182176,father
Q16171539,Q109320880,mother
Q16171539,Q12610421,child
Q16171539,Q138326546,spouse
Q16171539,Q138326547,child
Q16171539,Q192111,father
Q16171782,Q39498825,child
Q16171881,Q16081153,child
Q16171881,Q16172528,child
Q16171980,Q12610256,child
Q16171980,Q16090681,child
Q16172081,Q16173576,child
Q16172151,Q12596301,father
Q16172178,Q56827483,child
Q16172178,Q56827588,child
Q16172178,Q56827778,child
Q16172528,Q16081153,sibling
Q16172528,Q16171881,father
Q16172540,Q5959724,spouse
Q16172721,Q485556,father
Q16172944,Q626092,child
Q16173139,Q12610403,mother
Q16173139,Q496868,spouse
Q16173161,Q27120433,father
Q16173161,Q27120602,sibling
Q16173161,Q27148079,sibling
Q16173236,Q12610411,mother
Q16173236,Q138326686,mother
Q16173248,Q12619846,sibling
Q16173248,Q18567542,child
Q16173248,Q18605825,child
Q16173248,Q56697751,father
Q16173248,Q56697773,child
Q16173248,Q56697812,sibling
Q16173248,Q56701982,sibling
Q16173248,Q56702004,sibling
Q16173248,Q56702017,child
Q16173248,Q56702025,child
Q16173390,Q116456339,mother
Q16173390,Q116456341,spouse
Q16173477,Q12624116,child
Q16173576,Q16172081,father
Q16173605,Q704283,sibling
Q16173605,Q712012,father
Q16173739,Q12618040,mother
Q16173739,Q485556,spouse
Q16173860,Q485556,mother
Q16173946,Q12587821,spouse
Q16174033,Q19941294,child
Q16174033,Q625291,child
Q16174683,Q16182997,spouse
Q16174686,Q21119944,sibling
Q16175060,Q12966451,child
Q16175060,Q16179779,child
Q16175060,Q17172288,sibling
Q16175060,Q6408910,spouse
Q16175110,Q8053468,child
Q16175314,Q6513744,sibling
Q16175372,Q12587966,father
Q16175424,Q16176035,child
Q16175491,Q468467,father
Q16176013,Q16067759,child
Q16176035,Q16175424,father
Q16176070,Q16084406,spouse
Q16176116,Q492756,father
Q16176119,Q16262186,sibling
Q16176119,Q496205,father
Q16176230,Q12619791,spouse
Q16176271,Q14304,mother
Q16176271,Q6853912,mother
Q16176332,Q624392,father
Q16176525,Q626194,child
Q16176680,Q41117,father
Q16176680,Q702565,father
Q16176680,Q702565,mother
Q16177000,Q11266309,mother
Q16177000,Q16080034,mother
Q16177020,Q119431895,sibling
Q16177272,Q469396,father
Q16177357,Q16178136,spouse
Q16177365,Q54351,spouse
Q16177384,Q6776261,spouse
Q16177475,Q131472201,child
Q16177510,Q109457323,child
Q16177510,Q439722,child
Q16177593,Q12587936,mother
Q16177593,Q12625359,child
Q16177593,Q12625503,spouse
Q16177593,Q16179644,child
Q16177593,Q56825320,child
Q16177593,Q56825321,child
Q16177593,Q56825326,child
Q16177593,Q625257,child
Q16177650,Q12597529,father
Q16177672,Q15707513,spouse
Q16177787,Q232491,spouse
Q16177800,Q130192025,father
Q16177800,Q130192069,child
Q16177852,Q130192025,father
Q16177870,Q16080217,father
Q16177903,Q12587262,spouse
Q16177963,Q12585346,child
Q16177963,Q12585524,father
Q16177963,Q1276156,sibling
Q16177963,Q16163145,sibling
Q16178136,Q16177357,spouse
Q16178213,Q12587304,child
Q16178213,Q12587988,child
Q16178287,Q4848967,spouse
Q16178321,Q16220126,child
Q16178449,Q484840,sibling
Q16178449,Q4934381,mother
Q16178449,Q63964279,mother
Q16178590,Q118494170,child
Q16178590,Q31179316,father
Q16178657,Q12586991,child
Q16178675,Q122945788,child
Q16178678,Q12615206,child
Q16178678,Q482694,child
Q16178686,Q116694691,child
Q16178686,Q136449637,spouse
Q16178789,Q11244078,child
Q16178789,Q12597730,child
Q16178789,Q12597876,sibling
Q16179029,Q12589492,child
Q16179029,Q466477,child
Q16179034,Q138326546,child
Q16179034,Q16179038,child
Q16179038,Q16179034,father
Q16179113,Q192049,sibling
Q16179206,Q487728,father
Q16179206,Q487728,mother
Q16179283,Q16180958,child
Q16179287,Q16091900,child
Q16179378,Q475420,spouse
Q16179548,Q54868073,father
Q16179601,Q97206273,sibling
Q16179644,Q12625359,sibling
Q16179644,Q12625503,father
Q16179644,Q16177593,father
Q16179644,Q16177593,mother
Q16179644,Q625257,sibling
Q16179683,Q6408879,spouse
Q16179779,Q12966451,sibling
Q16179779,Q16175060,father
Q16179779,Q16175060,mother
Q16179779,Q6408910,father
Q16179807,Q10941620,father
Q16180037,Q16080285,child
Q16180284,Q14304,sibling
Q16180284,Q16181942,sibling
Q16180284,Q17314245,spouse
Q16180284,Q3382230,sibling
Q16180284,Q378483,father
Q16180284,Q378483,mother
Q16180284,Q483467,sibling
Q16180284,Q485556,sibling
Q16180284,Q488670,sibling
Q16180284,Q488700,sibling
Q16180284,Q498707,sibling
Q16180284,Q498713,sibling
Q16180284,Q626461,sibling
Q16180284,Q6743293,mother
Q16180324,Q14304,mother
Q16180324,Q6853912,mother
Q16180342,Q16181084,spouse
Q16180343,Q493659,father
Q16180421,Q134316159,father
Q16180564,Q12584230,father
Q16180796,Q12596572,mother
Q16180926,Q12587539,child
Q16180926,Q495636,child
Q16180958,Q16179283,father
Q16181019,Q12616199,spouse
Q16181033,Q15707513,sibling
Q16181033,Q16080219,sibling
Q16181033,Q56804778,sibling
Q16181084,Q16180342,spouse
Q16181216,Q20444697,spouse
Q16181235,Q24000580,sibling
Q16181449,Q12598212,sibling
Q16181449,Q24000434,father
Q16181461,Q130717393,father
Q16181461,Q130717393,mother
Q16181530,Q12596616,mother
Q16181530,Q12611345,sibling
Q16181530,Q12611389,sibling
Q16181530,Q12612881,sibling
Q16181530,Q17964206,spouse
Q16181530,Q445643,father
Q16181530,Q445643,mother
Q16181530,Q494412,sibling
Q16181530,Q56433189,child
Q16181683,Q16168020,spouse
Q16181683,Q482738,child
Q16181706,Q461374,spouse
Q16181825,Q12612881,father
Q16181850,Q22974406,sibling
Q16181911,Q130717393,child
Q16181942,Q14304,sibling
Q16181942,Q16180284,sibling
Q16181942,Q378483,mother
Q16181942,Q483467,sibling
Q16181942,Q485556,sibling
Q16181942,Q488670,sibling
Q16181942,Q488700,sibling
Q16181942,Q498707,sibling
Q16181942,Q626461,sibling
Q16182147,Q14304,spouse
Q16182288,Q19599257,sibling
Q16182428,Q85983854,child
Q16182619,Q18648106,spouse
Q16182672,Q124512816,spouse
Q16182672,Q124512848,mother
Q16182997,Q16174683,spouse
Q16183018,Q32059867,father
Q16183018,Q482817,father
Q16183133,Q16184470,child
Q16183144,Q494178,father
Q16183607,Q12602985,spouse
Q16183634,Q21057676,spouse
Q16183695,Q16091539,child
Q16183695,Q17401428,child
Q16183695,Q6747187,spouse
Q16183879,Q490001,spouse
Q16184169,Q493901,spouse
Q16184470,Q16183133,father
Q16184707,Q485556,father
Q16184826,Q492243,spouse
Q16184854,Q12602626,sibling
Q16184854,Q12612541,sibling
Q16184854,Q486553,child
Q16185153,Q14304,father
Q16187455,Q12589992,sibling
Q16187455,Q61091222,father
Q16189113,Q27953940,child
Q16189113,Q61091619,father
Q16189313,Q6312662,spouse
Q16190028,Q12601874,spouse
Q16191908,Q124512848,sibling
Q16191908,Q136644064,sibling
Q16192929,Q6305309,spouse
Q16193195,Q484522,sibling
Q16193195,Q7204839,sibling
Q16211707,Q208203,father
Q16219820,Q12590443,sibling
Q16219820,Q242651,father
Q16219820,Q242651,mother
Q16219820,Q625650,mother
Q16219820,Q84040,spouse
Q16219888,Q4971884,sibling
Q16220126,Q16178321,father
Q16234741,Q10514933,sibling
Q16261175,Q492582,spouse
Q16261176,Q16262273,spouse
Q16261253,Q211648,father
Q16261253,Q56839801,spouse
Q16261543,Q43110888,spouse
Q16262161,Q27514522,child
Q16262186,Q16176119,sibling
Q16262186,Q496205,father
Q16262220,Q12624816,child
Q16262220,Q56434961,child
Q16262234,Q379662,sibling
Q16262273,Q16261176,spouse
Q16262561,Q16262587,father
Q16262587,Q123241995,father
Q16262587,Q16262561,child
Q165210,Q124039356,father
Q165210,Q124962310,mother
Q165210,Q12589246,child
Q165210,Q624253,spouse
Q1656902,Q1741601,spouse
Q1656902,Q269537,child
Q165698,Q18142600,child
Q165698,Q24856057,child
Q16586322,Q6409680,father
Q16586322,Q6409680,mother
Q16586322,Q65030840,father
Q16623783,Q97236495,child
Q16630731,Q16631360,child
Q16631014,Q495748,father
Q16631360,Q16630731,father
Q16726313,Q12582936,child
Q16726585,Q16097900,spouse
Q16726585,Q192111,father
Q16726585,Q192111,mother
Q16731303,Q19880284,spouse
Q16766758,Q11346187,sibling
Q16767748,Q63943139,sibling
Q16767951,Q105705914,sibling
Q168567,Q11644701,child
Q168567,Q12604649,sibling
Q168567,Q21059072,child
Q168567,Q486599,child
Q168567,Q92684865,spouse
Q168567,Q92686670,spouse
Q168567,Q92688346,child
Q16865202,Q488600,spouse
Q16865218,Q12616661,father
Q16875862,Q15344562,father
Q16875862,Q15344562,mother
Q16880402,Q12612902,sibling
Q16880402,Q16978911,sibling
Q16880402,Q8512758,father
Q16884066,Q81226431,spouse
Q16904075,Q13099645,father
Q169144,Q17401456,father
Q169144,Q17401456,mother
Q169144,Q488312,father
Q16920011,Q111476092,spouse
Q16929680,Q16080301,child
Q16978897,Q12612902,sibling
Q16978897,Q16978911,sibling
Q16978897,Q8512758,father
Q16978911,Q12612902,sibling
Q16978911,Q16880402,sibling
Q16978911,Q16978897,sibling
Q16978911,Q8512758,father
Q1699586,Q12614710,sibling
Q1699586,Q186500,father
Q17024880,Q7402157,father
Q17128303,Q25252795,sibling
Q17128390,Q12602952,mother
Q17128390,Q12609695,mother
Q17157525,Q16080024,spouse
Q17158067,Q11521602,sibling
Q171684,Q113840,spouse
Q171684,Q117433198,spouse
Q171684,Q12612399,child
Q17172288,Q16091160,child
Q17172288,Q16175060,sibling
Q17172288,Q485170,spouse
Q17172386,Q11266025,spouse
Q17189506,Q21710370,sibling
Q17189628,Q5360259,spouse
Q17213751,Q12625857,spouse
Q17217729,Q16094944,sibling
Q17238247,Q12610256,spouse
Q17238268,Q16091786,father
Q17238268,Q16091786,mother
Q17278222,Q485587,spouse
Q17304817,Q841146,father
Q17314245,Q16180284,spouse
Q17314305,Q137644901,father
Q17314933,Q2164635,spouse
Q17314933,Q7189945,father
Q17314933,Q7606143,child
Q17346080,Q15725272,child
Q17346805,Q486847,sibling
Q17401428,Q16091539,sibling
Q17401428,Q16183695,father
Q17401456,Q169144,child
Q17401456,Q488312,spouse
Q1741520,Q271566,spouse
Q1741525,Q495480,father
Q1741580,Q1174767,spouse
Q1741601,Q1656902,spouse
Q1741601,Q269537,child
Q17486963,Q105704946,child
Q17486965,Q20091438,spouse
Q17486965,Q85792610,father
Q17486965,Q85792610,mother
Q17487449,Q10855787,spouse
Q17503492,Q625788,sibling
Q17503946,Q12610262,father
Q17503946,Q12610328,sibling
Q17504093,Q12614364,father
Q17504093,Q12614470,sibling
Q17504093,Q186500,sibling
Q17504204,Q12616720,father
Q17504204,Q18567368,sibling
Q17504204,Q56803991,father
Q17504204,Q56804986,sibling
Q17682944,Q22973178,spouse
Q17682960,Q4516989,spouse
Q17963959,Q7497224,father
Q17963959,Q7880974,father
Q17964143,Q12964947,sibling
Q17964206,Q16181530,spouse
Q17964206,Q56433189,child
Q18013379,Q483517,father
Q18013379,Q6747264,sibling
Q18070620,Q16091093,spouse
Q18116792,Q12615825,sibling
Q18116792,Q12615941,father
Q18142600,Q165698,father
Q18142600,Q24856057,sibling
Q181993,Q490822,spouse
Q18328683,Q12594317,child
Q18328683,Q56839723,child
Q18329053,Q497270,father
Q18329053,Q497270,mother
Q18342477,Q18342480,sibling
Q18342480,Q18342477,sibling
Q18381077,Q12608001,spouse
Q18381120,Q56812368,child
Q18381120,Q56812371,child
Q18381120,Q56812378,child
Q18381120,Q56812420,child
Q18381259,Q12588796,spouse
Q18444053,Q12588463,sibling
Q18531275,Q55694544,sibling
Q18550343,Q21040319,spouse
Q18567207,Q11286019,spouse
Q18567368,Q12616720,father
Q18567368,Q17504204,sibling
Q18567368,Q56803991,father
Q18567368,Q56804986,sibling
Q18567368,Q56805419,spouse
Q18567542,Q16173248,father
Q18567542,Q18605825,sibling
Q18567542,Q56697773,sibling
Q18567542,Q56702017,sibling
Q18567542,Q56702025,sibling
Q1857571,Q129811612,child
Q1857571,Q129812203,child
Q1857571,Q5257517,child
Q18605676,Q18697706,sibling
Q18605676,Q47545729,mother
Q18605676,Q61655609,mother
Q18605750,Q19349740,child
Q18605750,Q23994999,child
Q18605750,Q27514522,spouse
Q18605825,Q16173248,father
Q18605825,Q18567542,sibling
Q18605825,Q56697773,sibling
Q18605825,Q56702017,sibling
Q18605825,Q56702025,sibling
Q18637915,Q35489793,spouse
Q18642273,Q55733169,mother
Q18642273,Q626113,father
Q18642273,Q626113,mother
Q18648106,Q16182619,spouse
Q18648189,Q28699624,sibling
Q18648443,Q625291,spouse
Q18648469,Q16090786,child
Q18648469,Q496842,spouse
Q18648469,Q6783126,child
Q18648496,Q56651624,spouse
Q18648498,Q55733169,father
Q18648498,Q626113,father
Q186500,Q12614364,father
Q186500,Q12614470,sibling
Q186500,Q12614710,child
Q186500,Q1699586,child
Q186500,Q17504093,sibling
Q18685050,Q541255,spouse
Q18697706,Q18605676,sibling
Q18697706,Q47545729,mother
Q18697706,Q61655609,mother
Q18697707,Q16071030,sibling
Q18800,Q485387,spouse
Q18815392,Q137441198,sibling
Q18815396,Q18815737,sibling
Q18815657,Q12609867,child
Q18815657,Q55732720,child
Q18815737,Q18815396,sibling
Q18998408,Q380681,child
Q18998572,Q12585923,child
Q18998869,Q9210578,spouse
Q18999044,Q16080717,child
Q18999044,Q19162008,sibling
Q18999514,Q131547612,child
Q19161727,Q19349273,sibling
Q19161902,Q27952967,father
Q19161949,Q19349683,father
Q19161949,Q3382230,spouse
Q19161954,Q12612362,child
Q19162007,Q93757585,child
Q19162008,Q18999044,sibling
Q19162008,Q19603625,child
Q192049,Q12610215,child
Q192049,Q12610274,child
Q192049,Q12610504,sibling
Q192049,Q16179113,sibling
Q192049,Q496634,grandfather
Q192049,Q625389,spouse
Q192111,Q109320880,spouse
Q192111,Q12610411,child
Q192111,Q138326686,child
Q192111,Q138326687,child
Q192111,Q16171539,child
Q192111,Q16726585,child
Q192111,Q482889,child
Q192111,Q482900,father
Q19349259,Q102438283,spouse
Q19349273,Q19161727,sibling
Q19349619,Q126684135,sibling
Q19349619,Q4968027,mother
Q19349683,Q19161949,child
Q19349718,Q109455355,child
Q19349718,Q12613866,child
Q19349718,Q138133863,spouse
Q19349718,Q23759211,father
Q19349740,Q18605750,father
Q19359988,Q107109602,father
Q19407748,Q25374501,sibling
Q1953626,Q6362187,spouse
Q19561180,Q6408801,spouse
Q19599201,Q7696122,sibling
Q19599257,Q12610322,child
Q19599257,Q16182288,sibling
Q19603625,Q19162008,father
Q19603625,Q19162008,mother
Q19657173,Q138303314,spouse
Q196676,Q16091306,sibling
Q19794577,Q19794591,sibling
Q19794591,Q19794577,sibling
Q19794591,Q22973104,spouse
Q19794996,Q111435239,spouse
Q19854570,Q6312637,child
Q19880284,Q16731303,spouse
Q1990369,Q69018456,spouse
Q19939280,Q12615825,father
Q19939280,Q16080019,father
Q19939280,Q27058672,sibling
Q19939351,Q26689987,sibling
Q19940399,Q133255354,spouse
Q19940504,Q115528146,sibling
Q19940527,Q127269267,father
Q19940527,Q127269286,sibling
Q19940963,Q12614683,child
Q19940963,Q55733843,child
Q19941054,Q12615983,child
Q19941075,Q12616132,father
Q19941294,Q16174033,father
Q19941294,Q625291,sibling
Q19941337,Q19941338,child
Q19941338,Q19941337,father
Q19950258,Q60828153,sibling
Q20010816,Q136086493,father
Q20010816,Q20010819,father
Q20010819,Q130806215,child
Q20010819,Q136086493,spouse
Q20010819,Q20010816,child
Q20010831,Q495748,father
Q20010831,Q495748,mother
Q20010834,Q12609690,sibling
Q20038611,Q710937,spouse
Q20091438,Q17486965,spouse
Q20444697,Q16181216,spouse
Q20651852,Q12618040,mother
Q20651852,Q485556,spouse
Q20685523,Q94405692,father
Q208203,Q12611977,spouse
Q208203,Q16211707,child
Q20855604,Q14356,sibling
Q20855604,Q20855638,sibling
Q20855604,Q20855789,sibling
Q20855604,Q20855812,sibling
Q20855604,Q6784157,father
Q20855604,Q7847945,sibling
Q20855638,Q14356,sibling
Q20855638,Q20855604,sibling
Q20855638,Q20855812,sibling
Q20855638,Q57027438,child
Q20855789,Q14356,sibling
Q20855789,Q20855604,sibling
Q20855789,Q20855812,sibling
Q20855812,Q14356,sibling
Q20855812,Q20855604,sibling
Q20855812,Q20855638,sibling
Q20855812,Q20855789,sibling
Q20855812,Q6784157,father
Q20855812,Q7847945,sibling
Q20859562,Q12624043,spouse
Q20859562,Q138048,sibling
Q20859562,Q14356,mother
Q20859562,Q56839624,mother
Q20859562,Q56839651,child
Q20859562,Q56839654,child
Q20859562,Q56839658,child
Q20859562,Q7848255,sibling
Q20859562,Q7848332,sibling
Q20948642,Q92688346,child
Q20995,Q22973121,spouse
Q21001,Q29881198,spouse
Q21005858,Q109679896,sibling
Q21040319,Q18550343,spouse
Q21057676,Q16183634,spouse
Q21058754,Q61100567,mother
Q21059072,Q168567,father
Q21059072,Q168567,mother
Q21059072,Q92684865,mother
Q21059881,Q6515558,spouse
Q21059957,Q489989,sibling
Q21060153,Q484572,child
Q21060156,Q11266137,father
Q21060156,Q12615271,sibling
Q21060156,Q12615272,sibling
Q21060156,Q14362,father
Q21060156,Q56805128,spouse
Q21060180,Q6180265,father
Q21066055,Q81651740,sibling
Q21074800,Q496509,sibling
Q21080730,Q21575797,sibling
Q21080999,Q12625538,spouse
Q21119944,Q16174686,sibling
Q211648,Q16261253,child
Q211648,Q56839751,child
Q211648,Q56839869,child
Q213079,Q3548661,spouse
Q21337722,Q115803565,father
Q21337722,Q115803858,sibling
Q21521682,Q12595003,child
Q215737,Q12587932,child
Q21575632,Q12613188,spouse
Q21575735,Q123922619,spouse
Q21575797,Q21080730,sibling
Q2164635,Q17314933,spouse
Q21706962,Q31179449,spouse
Q21709735,Q22973163,spouse
Q21709737,Q9008023,spouse
Q21710203,Q113161633,child
Q21710203,Q116785191,child
Q21710255,Q488700,father
Q21710269,Q483467,father
Q21710292,Q12587869,mother
Q21710370,Q17189506,sibling
Q21710408,Q12614782,sibling
Q21710417,Q6204338,spouse
Q21710482,Q12611389,mother
Q21710482,Q12615983,mother
Q21710482,Q137292194,child
Q21710482,Q16091679,sibling
Q21710516,Q6204338,grandchild
Q21710535,Q6204338,father
Q21710537,Q6204338,father
Q21824806,Q21824996,spouse
Q21824806,Q6450322,father
Q21824806,Q6450322,mother
Q21824996,Q21824806,spouse
Q21825102,Q488700,mother
Q21825244,Q484787,spouse
Q21825414,Q21825416,father
Q21825414,Q79404428,child
Q21825416,Q21825414,child
Q21825445,Q482900,sibling
Q21825445,Q496634,sibling
Q21825481,Q134316159,father
Q22100580,Q22773742,sibling
Q2233555,Q444047,father
Q224639,Q31176842,spouse
Q22668495,Q55728067,father
Q22773742,Q22100580,sibling
Q229124,Q112021444,spouse
Q22952,Q131226562,sibling
Q22972967,Q134367147,father
Q22972967,Q134367152,father
Q22972967,Q232449,sibling
Q22973104,Q19794591,spouse
Q22973121,Q20995,spouse
Q22973121,Q58900826,child
Q22973139,Q22973181,child
Q22973139,Q25252530,child
Q22973147,Q22974650,spouse
Q22973163,Q21709735,spouse
Q22973178,Q17682944,spouse
Q22973181,Q22973139,father
Q22973181,Q22973139,mother
Q22973181,Q25252530,sibling
Q22973436,Q116694689,spouse
Q22973715,Q22973717,sibling
Q22973717,Q22973715,sibling
Q22973872,Q55730002,sibling
Q22973900,Q4132779,spouse
Q22973916,Q16082942,child
Q22974006,Q24273241,sibling
Q22974406,Q16181850,sibling
Q22974650,Q22973147,spouse
Q22974658,Q16166065,spouse
Q22974712,Q105706047,spouse
Q22974719,Q31180340,spouse
Q22974724,Q488697,father
Q22974724,Q497438,sibling
Q22974724,Q497473,sibling
Q22974724,Q8512736,sibling
Q22974724,Q8512743,sibling
Q22974724,Q8512750,sibling
Q22974724,Q85984120,child
Q22974740,Q102344573,father
Q22974740,Q12597615,spouse
Q22975015,Q12597152,spouse
Q22975015,Q24000291,child
Q22975015,Q24856218,child
Q22975111,Q16091964,spouse
Q22975111,Q24857647,child
Q22975111,Q493021,sibling
Q23009367,Q12587863,mother
Q23009367,Q23994877,spouse
Q2315679,Q126684243,sibling
Q2315679,Q131451173,father
Q2315679,Q83945397,sibling
Q232285,Q107109753,child
Q232285,Q491419,sibling
Q232285,Q626073,spouse
Q232449,Q134367147,mother
Q232449,Q134367152,mother
Q232449,Q22972967,sibling
Q232491,Q16177787,spouse
Q233371,Q100153927,sibling
Q233385,Q28412571,sibling
Q233911,Q464623,sibling
Q236485,Q3365409,spouse
Q23759211,Q19349718,child
Q237673,Q9006285,spouse
Q23939885,Q118127099,father
Q23939885,Q118127099,mother
Q23939885,Q625257,father
Q23994877,Q23009367,spouse
Q23994986,Q16081942,spouse
Q23994999,Q18605750,father
Q23994999,Q18605750,mother
Q23994999,Q27514522,mother
Q23995055,Q16090987,child
Q23995055,Q485640,child
Q23995055,Q55729811,spouse
Q24000291,Q12597152,father
Q24000291,Q22975015,father
Q24000291,Q22975015,mother
Q24000291,Q24856218,sibling
Q24000434,Q12598212,child
Q24000434,Q16181449,child
Q24000552,Q62396988,spouse
Q24000580,Q16181235,sibling
Q24000602,Q58476377,spouse
Q24000620,Q42326418,spouse
Q24000661,Q456609,sibling
Q24000700,Q69697161,spouse
Q24000773,Q12614608,mother
Q24087830,Q132431675,sibling
Q241873,Q4713069,spouse
Q24238917,Q12614665,father
Q24238917,Q32729,sibling
Q24251305,Q39040354,father
Q242651,Q12590443,child
Q242651,Q16219820,child
Q242651,Q625650,spouse
Q24273241,Q22974006,sibling
Q24323646,Q16091951,father
Q24355800,Q16093452,sibling
Q246167,Q7848947,spouse
Q246167,Q7849225,child
Q24845052,Q116448127,child
Q24846650,Q55731749,child
Q24856057,Q165698,father
Q24856057,Q18142600,sibling
Q24856074,Q12613188,child
Q24856176,Q488742,spouse
Q24856209,Q14850145,sibling
Q24856218,Q12597152,father
Q24856218,Q22975015,father
Q24856218,Q22975015,mother
Q24856218,Q24000291,sibling
Q24856417,Q495480,sibling
Q24856446,Q704280,sibling
Q24857647,Q16091964,father
Q24857647,Q22975111,father
Q24857647,Q22975111,mother
Q24858167,Q498343,spouse
Q24859999,Q469387,father
Q24859999,Q493692,sibling
Q24859999,Q6793625,sibling
Q24859999,Q7336236,mother
Q24860408,Q334312,father
Q24860408,Q469387,sibling
Q24860408,Q485587,sibling
Q24860408,Q493659,sibling
Q24860408,Q699503,sibling
Q24860408,Q699513,sibling
Q24861296,Q12610476,child
Q24861439,Q624351,mother
Q24861830,Q12615523,sibling
Q24868670,Q123937759,father
Q249469,Q28607727,spouse
Q25252530,Q22973139,father
Q25252530,Q22973139,mother
Q25252530,Q22973181,sibling
Q25252545,Q25252795,spouse
Q25252795,Q17128303,sibling
Q25252795,Q25252545,spouse
Q25374501,Q19407748,sibling
Q255420,Q3571994,spouse
Q25559386,Q12970204,sibling
Q256932,Q380118,spouse
Q257425,Q11096031,spouse
Q257425,Q334111,child
Q257425,Q464503,spouse
Q257425,Q469432,father
Q257425,Q483010,sibling
Q257425,Q484866,child
Q257425,Q485604,child
Q257425,Q487728,child
Q257425,Q6699528,spouse
Q257425,Q6779816,spouse
Q257425,Q7214169,mother
Q257425,Q7214248,spouse
Q257425,Q7242942,child
Q2598021,Q12623986,father
Q2598021,Q625786,father
Q2600733,Q489290,spouse
Q262520,Q313083,spouse
Q26299233,Q130370356,spouse
Q263732,Q10665,spouse
Q263732,Q385795,child
Q263732,Q4330912,child
Q263732,Q54868073,mother
Q263732,Q56226,child
Q2644834,Q6489872,spouse
Q26689987,Q19939351,sibling
Q26701451,Q6425991,child
Q269537,Q1656902,father
Q269537,Q1656902,mother
Q269537,Q1741601,mother
Q269537,Q562837,spouse
Q269742,Q105705317,mother
Q269742,Q107109269,sibling
Q26987447,Q27953283,mother
Q27058672,Q12615825,father
Q27058672,Q16080019,father
Q27058672,Q19939280,sibling
Q270687,Q11704505,spouse
Q270857,Q120703318,spouse
Q271067,Q10665,sibling
Q271067,Q41117,mother
Q271067,Q463949,mother
Q271067,Q496004,spouse
Q271067,Q710805,sibling
Q271067,Q77554529,child
Q271067,Q77555945,child
Q271067,Q840719,sibling
Q27120433,Q16173161,child
Q27120433,Q27120602,child
Q27120602,Q16173161,sibling
Q27120602,Q27120433,father
Q27120602,Q27148079,sibling
Q27148079,Q16173161,sibling
Q27148079,Q27120602,sibling
Q271566,Q1741520,spouse
Q272236,Q110117754,sibling
Q272236,Q6668980,sibling
Q272329,Q496868,sibling
Q27306309,Q12610509,mother
Q27514522,Q16262161,father
Q27514522,Q16262161,mother
Q27514522,Q18605750,spouse
Q27514522,Q23994999,child
Q277225,Q12593129,father
Q277225,Q12593132,child
Q27824719,Q290926,mother
Q27906365,Q433383,mother
Q27951694,Q379667,father
Q27951972,Q16094920,sibling
Q27951979,Q466477,mother
Q27952219,Q482887,father
Q27952670,Q494144,sibling
Q27952967,Q19161902,child
Q27953283,Q26987447,child
Q27953283,Q496491,child
Q27953288,Q115515624,child
Q27953298,Q118796058,father
Q27953298,Q118796224,mother
Q27953889,Q402179,father
Q27953940,Q16189113,father
Q27982975,Q488866,spouse
Q28355519,Q33082981,child
Q28357800,Q16092077,child
Q28357800,Q28698539,child
Q28412571,Q233385,sibling
Q28415860,Q486241,father
Q28530017,Q15703547,sibling
Q2856212,Q112027765,child
Q28607727,Q249469,spouse
Q28698535,Q130360428,spouse
Q28698539,Q12614610,father
Q28698539,Q28357800,father
Q28698692,Q8031684,spouse
Q28698781,Q8059932,father
Q28698781,Q97338699,mother
Q28699292,Q12612192,father
Q28699503,Q12597871,sibling
Q28699529,Q491079,child
Q28699624,Q18648189,sibling
Q28699722,Q83945397,spouse
Q28700176,Q624394,spouse
Q28700404,Q484400,father
Q28700505,Q116873631,spouse
Q28920850,Q28920856,sibling
Q28920856,Q28920850,sibling
Q28966728,Q46316315,sibling
Q290926,Q27824719,child
Q29341335,Q112737161,child
Q2947463,Q485574,spouse
Q2948453,Q130217472,father
Q296734,Q11499920,child
Q296734,Q15057674,child
Q296734,Q4307061,child
Q296734,Q4307062,child
Q296734,Q486569,child
Q296734,Q497174,spouse
Q296734,Q562683,child
Q29841145,Q76650924,spouse
Q29841145,Q76657833,child
Q29841145,Q76658133,child
Q29881198,Q21001,spouse
Q29881198,Q74499817,child
Q29881198,Q74500749,child
Q30068067,Q33103571,sibling
Q302096,Q12597420,father
Q302096,Q494074,father
Q3033213,Q16170392,father
Q30343074,Q131747508,spouse
Q30609464,Q31178734,child
Q30924817,Q7385336,spouse
Q30949603,Q5103936,spouse
Q310971,Q133820861,sibling
Q310971,Q346751,father
Q310971,Q79611370,sibling
Q311219,Q5354230,child
Q31176611,Q113102499,spouse
Q31176632,Q119600171,sibling
Q31176632,Q119600399,father
Q31176632,Q119600399,mother
Q31176758,Q16080760,spouse
Q31176842,Q224639,spouse
Q31177219,Q31179514,father
Q31178499,Q578141,spouse
Q31178641,Q6824112,spouse
Q31178662,Q12619846,father
Q31178662,Q56698261,father
Q31178662,Q84040,sibling
Q31178702,Q55728795,sibling
Q31178734,Q30609464,father
Q31178879,Q133867239,spouse
Q31178898,Q402179,father
Q31178898,Q54981984,father
Q31179278,Q130717417,mother
Q31179301,Q625534,child
Q31179316,Q16178590,child
Q31179364,Q12614771,sibling
Q31179364,Q130181745,father
Q31179433,Q123532029,child
Q31179449,Q21706962,spouse
Q31179514,Q31177219,child
Q31179630,Q11739251,sibling
Q31179655,Q126743048,father
Q31179655,Q126743048,mother
Q31179655,Q126743759,father
Q31180340,Q22974719,spouse
Q313083,Q262520,spouse
Q313350,Q11287136,spouse
Q313968,Q12613186,spouse
Q3140101,Q624491,grandfather
Q315484,Q109354786,sibling
Q3156766,Q6849027,sibling
Q317824,Q10665,father
Q317824,Q1280778,child
Q317824,Q385795,sibling
Q317824,Q4330912,sibling
Q317824,Q487289,father
Q317824,Q487289,mother
Q317824,Q56226,sibling
Q317824,Q705218,sibling
Q317824,Q76659518,child
Q318485,Q464574,spouse
Q3196768,Q6408412,spouse
Q32059867,Q12619808,mother
Q32059867,Q16183018,child
Q32059867,Q482817,spouse
Q3251327,Q125121411,child
Q32538394,Q102266502,father
Q32538394,Q112914681,father
Q32729,Q24238917,sibling
Q33082981,Q16091294,spouse
Q33082981,Q28355519,father
Q33103571,Q30068067,sibling
Q332998,Q104542739,spouse
Q332998,Q7385485,sibling
Q333042,Q137299644,father
Q333163,Q12589040,sibling
Q3332980,Q484489,mother
Q334111,Q128454,spouse
Q334111,Q257425,father
Q334111,Q484866,sibling
Q334111,Q487728,sibling
Q334312,Q16166404,spouse
Q334312,Q24860408,child
Q334312,Q469387,child
Q334312,Q485587,child
Q334312,Q493659,child
Q334312,Q699503,child
Q334312,Q699513,child
Q334312,Q704568,father
Q334312,Q7216705,spouse
Q334312,Q7336236,child
Q334504,Q13580246,spouse
Q3365409,Q236485,spouse
Q3375326,Q486714,sibling
Q3382230,Q14304,sibling
Q3382230,Q16180284,sibling
Q3382230,Q19161949,spouse
Q3382230,Q378483,mother
Q3382230,Q483467,sibling
Q3382230,Q485556,sibling
Q3382230,Q488670,sibling
Q3382230,Q488700,sibling
Q3382230,Q498707,sibling
Q3382230,Q626461,sibling
Q3382230,Q6743293,mother
Q3395911,Q741655,spouse
Q339595,Q51029,child
Q346751,Q133820861,child
Q346751,Q310971,child
Q346751,Q79611370,child
Q347423,Q112023765,child
Q347423,Q117434741,child
Q347423,Q119433166,child
Q347423,Q131763578,spouse
Q3484849,Q13423737,sibling
Q354638,Q486518,spouse
Q3548661,Q213079,spouse
Q35489793,Q18637915,spouse
Q3565110,Q12610338,child
Q3565110,Q470047,sibling
Q3565110,Q496634,father
Q3565110,Q623495,child
Q356666,Q131724647,spouse
Q356675,Q56833272,spouse
Q356675,Q56833518,child
Q3571994,Q255420,spouse
Q3572265,Q6514303,father
Q3615940,Q439435,spouse
Q3659507,Q616590,spouse
Q368516,Q54348,spouse
Q368852,Q490170,spouse
Q368852,Q6781992,spouse
Q368892,Q704280,father
Q3700561,Q16090573,child
Q3703166,Q7137845,spouse
Q3703167,Q491482,spouse
Q3703171,Q489462,sibling
Q3724024,Q495407,spouse
Q3776444,Q495668,sibling
Q378483,Q12604162,spouse
Q378483,Q14304,child
Q378483,Q15139424,sibling
Q378483,Q16180284,child
Q378483,Q16181942,child
Q378483,Q3382230,child
Q378483,Q483467,child
Q378483,Q485556,child
Q378483,Q488670,child
Q378483,Q488700,child
Q378483,Q497473,father
Q378483,Q497507,father
Q378483,Q497507,mother
Q378483,Q498707,child
Q378483,Q498713,child
Q378483,Q626461,child
Q378483,Q6743293,spouse
Q378483,Q8512758,sibling
Q378483,Q8512766,sibling
Q3786443,Q6783577,spouse
Q379396,Q135255720,spouse
Q379662,Q12614474,child
Q379662,Q16262234,sibling
Q379667,Q27951694,child
Q380118,Q256932,spouse
Q380121,Q496384,spouse
Q380681,Q134294425,spouse
Q380681,Q18998408,father
Q380681,Q64918664,child
Q3814008,Q485517,spouse
Q3816460,Q158056,spouse
Q38244065,Q137799068,father
Q384293,Q12590047,spouse
Q385795,Q10665,father
Q385795,Q263732,father
Q385795,Q263732,mother
Q385795,Q317824,sibling
Q385795,Q4330912,sibling
Q385795,Q56226,sibling
Q385795,Q705218,sibling
Q3890747,Q57208109,spouse
Q390099,Q12610164,sibling
Q390099,Q12610168,mother
Q390099,Q138048,child
Q390099,Q14356,spouse
Q390099,Q7848255,child
Q390099,Q7848332,child
Q39040353,Q12611009,sibling
Q39040353,Q12611012,sibling
Q39040354,Q24251305,child
Q391400,Q153778,sibling
Q391400,Q626491,sibling
Q391965,Q446878,spouse
Q39498825,Q16171782,father
Q39498825,Q16171782,mother
Q39498825,Q97202454,spouse
Q402165,Q456828,spouse
Q402165,Q4749844,child
Q402179,Q137644901,father
Q402179,Q27953889,child
Q402179,Q31178898,child
Q402179,Q54981984,spouse
Q4022738,Q123157247,spouse
Q40403425,Q6742134,spouse
Q41117,Q1062006,sibling
Q41117,Q16176680,child
Q41117,Q271067,child
Q41117,Q463949,spouse
Q41117,Q489279,father
Q41117,Q4991767,sibling
Q41117,Q702565,spouse
Q41117,Q709975,mother
Q41117,Q710805,child
Q41117,Q840719,child
Q4124884,Q487020,spouse
Q4132779,Q22973900,spouse
Q41520899,Q41520985,spouse
Q41520985,Q41520899,spouse
Q41652919,Q92059734,child
Q42326418,Q24000620,spouse
Q42407184,Q112660393,father
Q42407184,Q112660455,mother
Q42418509,Q6820869,spouse
Q4307061,Q15057674,sibling
Q4307061,Q296734,father
Q4307061,Q4307062,sibling
Q4307061,Q486569,sibling
Q4307061,Q497174,father
Q4307061,Q497174,mother
Q4307061,Q562683,sibling
Q4307062,Q15057674,sibling
Q4307062,Q296734,father
Q4307062,Q296734,mother
Q4307062,Q4307061,sibling
Q4307062,Q486569,sibling
Q4307062,Q497174,mother
Q4307062,Q562683,sibling
Q43087486,Q484459,spouse
Q43110888,Q16261543,spouse
Q43111132,Q108805691,mother
Q43133525,Q90789527,sibling
Q4330912,Q10665,mother
Q4330912,Q263732,mother
Q4330912,Q317824,sibling
Q4330912,Q385795,sibling
Q4330912,Q56226,sibling
Q4330912,Q705218,sibling
Q433295,Q16168961,father
Q433295,Q16168961,mother
Q433295,Q493995,spouse
Q433295,Q65296920,child
Q433383,Q27906365,child
Q433389,Q14723581,sibling
Q433389,Q15971448,sibling
Q434562,Q11647829,spouse
Q439435,Q3615940,spouse
Q439722,Q109457323,sibling
Q439722,Q16177510,father
Q44260,Q6420543,sibling
Q444047,Q2233555,child
Q445643,Q12596616,spouse
Q445643,Q12611345,child
Q445643,Q12611389,child
Q445643,Q12612881,child
Q445643,Q16181530,child
Q445643,Q494412,child
Q446878,Q391965,spouse
Q449397,Q495748,spouse
Q4502171,Q16080270,sibling
Q4516989,Q17682960,spouse
Q4532603,Q12624868,child
Q456182,Q6153892,spouse
Q456408,Q55616008,spouse
Q456609,Q24000661,sibling
Q456828,Q402165,spouse
Q456828,Q4749844,child
Q459342,Q119713819,child
Q459342,Q119714071,child
Q459342,Q16084347,child
Q461374,Q16181706,spouse
Q46316315,Q28966728,sibling
Q463949,Q10665,child
Q463949,Q271067,child
Q463949,Q41117,spouse
Q463949,Q840719,child
Q464372,Q484328,spouse
Q464503,Q257425,spouse
Q464569,Q5356443,spouse
Q464574,Q318485,spouse
Q464574,Q490905,sibling
Q464623,Q233911,sibling
Q465248,Q6411575,spouse
Q465263,Q483798,spouse
Q465489,Q94489565,child
Q466457,Q624392,father
Q466457,Q624392,mother
Q466477,Q12589492,sibling
Q466477,Q16179029,father
Q466477,Q27951979,child
Q468467,Q12615582,child
Q468467,Q12615583,child
Q468467,Q12615586,child
Q468467,Q16175491,child
Q468467,Q488446,child
Q468467,Q490114,child
Q468467,Q56435719,child
Q468467,Q624651,child
Q468490,Q496356,spouse
Q469387,Q12583935,spouse
Q469387,Q24859999,child
Q469387,Q24860408,sibling
Q469387,Q334312,father
Q469387,Q485587,sibling
Q469387,Q493659,sibling
Q469387,Q493692,child
Q469387,Q6793625,child
Q469387,Q699503,sibling
Q469387,Q699513,sibling
Q469387,Q7336236,sibling
Q469387,Q7336236,spouse
Q469396,Q16177272,child
Q469415,Q117419918,spouse
Q469432,Q134411914,child
Q469432,Q257425,child
Q470047,Q122394708,spouse
Q470047,Q12612345,spouse
Q470047,Q16097635,child
Q470047,Q3565110,sibling
Q470047,Q496634,father
Q47004960,Q16081058,spouse
Q4713069,Q241873,spouse
Q471695,Q6682314,spouse
Q47354459,Q85632402,sibling
Q4749844,Q402165,father
Q4749844,Q456828,mother
Q475420,Q16179378,spouse
Q47545729,Q18605676,child
Q47545729,Q18697706,child
Q47630454,Q112023331,mother
Q47665866,Q492666,sibling
Q47667470,Q484859,spouse
Q47683311,Q5648797,sibling
Q48159708,Q7451472,sibling
Q482413,Q12616661,father
Q482615,Q116763964,spouse
Q482615,Q122928283,father
Q482639,Q125173153,child
Q482694,Q12615206,sibling
Q482694,Q16178678,father
Q482694,Q16178678,mother
Q482738,Q130376187,child
Q482738,Q130376188,child
Q482738,Q14345,spouse
Q482738,Q16168020,father
Q482738,Q16168020,mother
Q482738,Q16181683,mother
Q482783,Q129471,sibling
Q482815,Q16080135,spouse
Q482817,Q16183018,child
Q482817,Q32059867,spouse
Q482826,Q482957,spouse
Q482836,Q117042256,spouse
Q482867,Q123156764,father
Q482867,Q123156764,mother
Q482867,Q130212655,sibling
Q482887,Q27952219,child
Q482889,Q109320880,mother
Q482889,Q192111,father
Q482900,Q12610476,father
Q482900,Q192111,child
Q482900,Q21825445,sibling
Q482900,Q493891,child
Q482900,Q496310,child
Q482917,Q487728,father
Q482917,Q491750,sibling
Q482957,Q482826,spouse
Q482991,Q12593614,sibling
Q482991,Q484366,spouse
Q483010,Q257425,sibling
Q483010,Q486273,child
Q483105,Q484157,sibling
Q483117,Q6811459,spouse
Q483216,Q16068586,spouse
Q483218,Q12615755,sibling
Q483255,Q14304,father
Q483255,Q6853912,father
Q483344,Q12607850,spouse
Q483344,Q12609551,spouse
Q483362,Q134411657,child
Q483467,Q14304,sibling
Q483467,Q16180284,sibling
Q483467,Q16181942,sibling
Q483467,Q21710269,child
Q483467,Q3382230,sibling
Q483467,Q378483,father
Q483467,Q485556,sibling
Q483467,Q488670,sibling
Q483467,Q488700,sibling
Q483467,Q498707,sibling
Q483467,Q498713,sibling
Q483467,Q626461,sibling
Q483467,Q6743293,father
Q483467,Q6743293,mother
Q483517,Q18013379,child
Q483517,Q6747264,child
Q483571,Q16090786,spouse
Q483621,Q6822380,spouse
Q483661,Q489475,spouse
Q483683,Q126207848,father
Q483683,Q126207848,mother
Q483773,Q491397,spouse
Q483798,Q465263,spouse
Q483842,Q626819,grandmother
Q483892,Q94187,spouse
Q483926,Q625732,sibling
Q483927,Q6818945,spouse
Q483953,Q489952,spouse
Q483957,Q55734183,sibling
Q484002,Q12612144,child
Q484024,Q127689684,spouse
Q484024,Q127813637,father
Q484024,Q127819773,sibling
Q484027,Q13553537,sibling
Q484087,Q102267466,sibling
Q484157,Q483105,sibling
Q484197,Q497693,spouse
Q484328,Q464372,spouse
Q484366,Q482991,spouse
Q484380,Q12595851,sibling
Q484380,Q12596927,father
Q484380,Q626438,father
Q484399,Q489067,spouse
Q484400,Q28700404,child
Q484459,Q43087486,spouse
Q484489,Q3332980,child
Q484522,Q16193195,sibling
Q484522,Q7204839,sibling
Q484564,Q488093,spouse
Q484572,Q21060153,father
Q484572,Q21060153,mother
Q484674,Q61100362,child
Q484751,Q137299658,father
Q484787,Q21825244,spouse
Q484840,Q16178449,sibling
Q484840,Q486374,grandfather
Q484840,Q4934381,father
Q484840,Q4934381,mother
Q484840,Q63964279,father
Q484840,Q63964711,spouse
Q484856,Q489091,spouse
Q484859,Q47667470,spouse
Q484866,Q257425,father
Q484866,Q334111,sibling
Q484866,Q485604,sibling
Q484866,Q487728,sibling
Q484866,Q496421,child
Q484866,Q51029,spouse
Q484866,Q7214248,mother
Q484866,Q7242942,sibling
Q484886,Q50420882,spouse
Q4848967,Q16178287,spouse
Q484960,Q491363,child
Q485078,Q489067,spouse
Q485168,Q11629173,spouse
Q485170,Q12612110,father
Q485170,Q16091160,child
Q485170,Q17172288,spouse
Q485218,Q77841796,child
Q485308,Q15666746,father
Q485308,Q15666746,mother
Q485387,Q18800,spouse
Q485466,Q489575,spouse
Q485517,Q104469789,sibling
Q485517,Q1080180,spouse
Q485517,Q3814008,spouse
Q485556,Q10874903,spouse
Q485556,Q14304,sibling
Q485556,Q16172721,child
Q485556,Q16173739,spouse
Q485556,Q16173860,child
Q485556,Q16180284,sibling
Q485556,Q16181942,sibling
Q485556,Q16184707,child
Q485556,Q20651852,spouse
Q485556,Q3382230,sibling
Q485556,Q378483,father
Q485556,Q483467,sibling
Q485556,Q488670,sibling
Q485556,Q488700,sibling
Q485556,Q498707,sibling
Q485556,Q498713,sibling
Q485556,Q626461,sibling
Q485556,Q6743293,father
Q485556,Q6743293,mother
Q485574,Q2947463,spouse
Q485578,Q7219738,child
Q485587,Q12583935,child
Q485587,Q12626230,child
Q485587,Q17278222,spouse
Q485587,Q24860408,sibling
Q485587,Q334312,father
Q485587,Q469387,sibling
Q485587,Q493659,sibling
Q485587,Q6732223,spouse
Q485587,Q699503,sibling
Q485587,Q699513,sibling
Q485587,Q7336236,sibling
Q485604,Q257425,mother
Q485604,Q484866,sibling
Q485604,Q487728,sibling
Q485640,Q16090987,sibling
Q485640,Q23995055,father
Q485640,Q23995055,mother
Q485640,Q55729811,mother
Q4857706,Q128454,child
Q485871,Q108193090,child
Q485894,Q12597217,spouse
Q485905,Q12589495,spouse
Q485911,Q6796230,spouse
Q486028,Q12598177,spouse
Q486074,Q12611431,mother
Q486074,Q16091539,father
Q486074,Q16091539,mother
Q486079,Q12607942,spouse
Q486134,Q16082002,spouse
Q486151,Q12589044,spouse
Q486151,Q16092070,sibling
Q486177,Q134316129,spouse
Q486180,Q12588854,spouse
Q486241,Q12616878,child
Q486241,Q28415860,child
Q486251,Q14304,father
Q486251,Q6853912,father
Q486262,Q12612620,grandfather
Q486273,Q483010,father
Q486331,Q487293,father
Q486369,Q5103979,child
Q486374,Q12586907,child
Q486374,Q12607934,father
Q486374,Q12612531,spouse
Q486374,Q484840,grandchild
Q486374,Q490001,father
Q486374,Q4934381,child
Q486416,Q4935832,sibling
Q486518,Q354638,spouse
Q486553,Q16184854,father
Q486559,Q12611683,sibling
Q486569,Q15057674,sibling
Q486569,Q296734,father
Q486569,Q4307061,sibling
Q486569,Q4307062,sibling
Q486569,Q497174,father
Q486569,Q497174,mother
Q486569,Q562683,sibling
Q486594,Q486995,sibling
Q486599,Q168567,father
Q486599,Q92686670,mother
Q486706,Q15971448,spouse
Q486714,Q3375326,sibling
Q486847,Q17346805,sibling
Q486959,Q57599081,sibling
Q486959,Q57599098,sibling
Q486995,Q486594,sibling
Q487020,Q4124884,spouse
Q487289,Q10665,spouse
Q487289,Q317824,child
Q487293,Q486331,child
Q487728,Q12610944,child
Q487728,Q12613069,child
Q487728,Q16179206,child
Q487728,Q257425,father
Q487728,Q334111,sibling
Q487728,Q482917,child
Q487728,Q484866,sibling
Q487728,Q485604,sibling
Q487728,Q489737,child
Q487728,Q491750,child
Q487728,Q7242942,sibling
Q487876,Q107747135,spouse
Q487876,Q56236767,child
Q487885,Q113490152,child
Q487979,Q493090,spouse
Q488015,Q492997,spouse
Q488025,Q16091679,spouse
Q488038,Q493691,spouse
Q488093,Q484564,spouse
Q488106,Q66362758,sibling
Q488312,Q169144,child
Q488312,Q17401456,spouse
Q488446,Q130360428,child
Q488446,Q468467,father
Q488446,Q5116286,child
Q488500,Q488666,father
Q488500,Q488697,child
Q488500,Q497392,spouse
Q488500,Q497413,father
Q488500,Q497413,mother
Q488500,Q8512697,sibling
Q488500,Q8512711,sibling
Q488600,Q16865202,spouse
Q488666,Q488500,child
Q488666,Q497413,spouse
Q488666,Q8512697,child
Q488666,Q8512711,child
Q488670,Q14304,sibling
Q488670,Q16180284,sibling
Q488670,Q16181942,sibling
Q488670,Q3382230,sibling
Q488670,Q378483,father
Q488670,Q483467,sibling
Q488670,Q485556,sibling
Q488670,Q488700,sibling
Q488670,Q498707,sibling
Q488670,Q498713,sibling
Q488670,Q626461,sibling
Q488670,Q6743293,father
Q488670,Q6743293,mother
Q488697,Q22974724,child
Q488697,Q488500,father
Q488697,Q497392,father
Q488697,Q497392,mother
Q488697,Q497438,child
Q488697,Q497473,child
Q488697,Q626466,spouse
Q488697,Q8512736,child
Q488697,Q8512743,child
Q488697,Q8512750,child
Q488697,Q85984120,grandchild
Q488700,Q14304,sibling
Q488700,Q16180284,sibling
Q488700,Q16181942,sibling
Q488700,Q21710255,child
Q488700,Q21825102,child
Q488700,Q3382230,sibling
Q488700,Q378483,father
Q488700,Q483467,sibling
Q488700,Q485556,sibling
Q488700,Q488670,sibling
Q488700,Q498707,sibling
Q488700,Q498713,sibling
Q488700,Q626461,sibling
Q488700,Q6743293,father
Q488700,Q6743293,mother
Q488742,Q24856176,spouse
Q488752,Q134367213,child
Q488752,Q134367214,child
Q488817,Q131316099,child
Q488866,Q27982975,spouse
Q489006,Q12587691,mother
Q489036,Q56825125,father
Q489036,Q58476561,sibling
Q489036,Q625870,spouse
Q489067,Q484399,spouse
Q489067,Q485078,spouse
Q489091,Q484856,spouse
Q489173,Q12601473,sibling
Q489271,Q123858212,child
Q489279,Q1062006,child
Q489279,Q41117,child
Q489279,Q4968085,mother
Q489279,Q4991767,child
Q489279,Q4991786,sibling
Q489279,Q4991790,father
Q489279,Q709975,spouse
Q489290,Q2600733,spouse
Q489323,Q12616984,child
Q489323,Q16091888,child
Q489462,Q3703171,sibling
Q489462,Q625471,spouse
Q489475,Q483661,spouse
Q489575,Q485466,spouse
Q489667,Q12602743,sibling
Q489681,Q6853641,spouse
Q489737,Q487728,father
Q489737,Q8053456,child
Q489778,Q124739844,child
Q489797,Q16092273,sibling
Q489867,Q105704925,child
Q489874,Q12617992,spouse
Q489934,Q16169960,spouse
Q489952,Q483953,spouse
Q489989,Q21059957,sibling
Q489989,Q83158438,father
Q489989,Q83551047,sibling
Q490001,Q12607934,spouse
Q490001,Q16183879,spouse
Q490001,Q486374,child
Q490001,Q4934381,grandchild
Q490114,Q128812698,spouse
Q490114,Q468467,father
Q490114,Q55734052,child
Q490120,Q493026,spouse
Q490130,Q12613036,spouse
Q490170,Q368852,spouse
Q490192,Q105706367,child
Q490192,Q79904342,spouse
Q490410,Q12618537,sibling
Q490410,Q1580046,father
Q490822,Q181993,spouse
Q490905,Q464574,sibling
Q490938,Q13646009,spouse
Q491013,Q493135,spouse
Q491079,Q28699529,mother
Q491095,Q6694102,spouse
Q491143,Q5103939,father
Q491143,Q6362185,father
Q491143,Q6362185,mother
Q491240,Q12610444,grandchild
Q491363,Q484960,father
Q491392,Q12972710,father
Q491392,Q496439,spouse
Q491397,Q483773,spouse
Q491419,Q232285,sibling
Q491482,Q3703167,spouse
Q491555,Q11285292,child
Q491580,Q9326975,spouse
Q491750,Q482917,sibling
Q491750,Q487728,father
Q491750,Q487728,mother
Q491763,Q491807,spouse
Q491807,Q491763,spouse
Q492243,Q16184826,spouse
Q492284,Q900563,spouse
Q49249362,Q16168773,child
Q49249362,Q83551198,father
Q492515,Q55736105,spouse
Q492582,Q16261175,spouse
Q492666,Q47665866,sibling
Q492756,Q12597050,child
Q492756,Q138133863,child
Q492756,Q16079902,child
Q492756,Q16081587,child
Q492756,Q16081747,child
Q492756,Q16176116,child
Q492802,Q6515185,sibling
Q492997,Q488015,spouse
Q493021,Q22975111,sibling
Q493021,Q625766,spouse
Q493026,Q490120,spouse
Q493090,Q487979,spouse
Q493135,Q491013,spouse
Q493300,Q107656933,spouse
Q493322,Q12608049,spouse
Q4933414,Q122394710,child
Q4934381,Q12612531,mother
Q4934381,Q16178449,child
Q4934381,Q484840,child
Q4934381,Q486374,father
Q4934381,Q486374,mother
Q4934381,Q490001,grandfather
Q4934381,Q63964279,spouse
Q493455,Q6408371,spouse
Q4935136,Q79904238,sibling
Q4935832,Q486416,sibling
Q493597,Q497785,spouse
Q493659,Q16180343,child
Q493659,Q24860408,sibling
Q493659,Q334312,father
Q493659,Q469387,sibling
Q493659,Q485587,sibling
Q493659,Q6793594,spouse
Q493659,Q6930436,spouse
Q493659,Q699503,sibling
Q493659,Q699513,sibling
Q493659,Q7336236,sibling
Q493691,Q488038,spouse
Q493692,Q24859999,sibling
Q493692,Q469387,father
Q493692,Q6793625,sibling
Q493692,Q709498,spouse
Q493692,Q7219738,spouse
Q493692,Q7336236,mother
Q493752,Q13099645,sibling
Q493857,Q12586076,spouse
Q493891,Q482900,father
Q493893,Q12583609,child
Q493893,Q15732940,sibling
Q493893,Q493930,sibling
Q493901,Q16184169,spouse
Q493930,Q15732940,sibling
Q493930,Q493893,sibling
Q493930,Q493946,child
Q493946,Q12618654,child
Q493946,Q493930,father
Q493995,Q433295,spouse
Q493995,Q65296762,father
Q493995,Q65296920,child
Q494074,Q302096,child
Q494097,Q56884240,father
Q494144,Q27952670,sibling
Q494178,Q16183144,child
Q494190,Q12614533,sibling
Q494190,Q16068617,father
Q494190,Q16068617,mother
Q494222,Q16080243,spouse
Q494239,Q116694691,spouse
Q494290,Q12604156,child
Q494290,Q12604339,child
Q494290,Q12604506,child
Q494290,Q50973131,spouse
Q494334,Q1142231,sibling
Q494412,Q11266502,child
Q494412,Q12596616,father
Q494412,Q12611345,sibling
Q494412,Q12611389,sibling
Q494412,Q12611590,child
Q494412,Q12611701,child
Q494412,Q12612881,sibling
Q494412,Q12625359,spouse
Q494412,Q16181530,sibling
Q494412,Q445643,father
Q494412,Q624109,child
Q494662,Q130333064,child
Q494662,Q131309015,child
Q494851,Q57027438,father
Q494851,Q57027600,father
Q494856,Q496466,spouse
Q495000,Q6430820,mother
Q495069,Q56691163,sibling
Q495407,Q3724024,spouse
Q495480,Q1741525,child
Q495480,Q24856417,sibling
Q495636,Q12587187,child
Q495636,Q12587539,sibling
Q495636,Q16180926,father
Q495668,Q3776444,sibling
Q495748,Q16631014,child
Q495748,Q20010831,child
Q495748,Q449397,spouse
Q495980,Q117826933,mother
Q495980,Q97216379,father
Q496004,Q15937927,sibling
Q496004,Q271067,spouse
Q496004,Q5354467,sibling
Q496004,Q77554529,child
Q496004,Q77555945,child
Q496092,Q498243,sibling
Q496170,Q1195195,sibling
Q496205,Q16176119,child
Q496205,Q16262186,child
Q496237,Q625775,spouse
Q496310,Q482900,father
Q496356,Q468490,spouse
Q496384,Q380121,spouse
Q496413,Q623627,spouse
Q496421,Q484866,father
Q496421,Q51029,father
Q496439,Q491392,spouse
Q496466,Q494856,spouse
Q496491,Q27953283,father
Q496509,Q16091306,father
Q496509,Q21074800,sibling
Q496509,Q56804332,child
Q496509,Q56804591,spouse
Q496509,Q56804639,child
Q496509,Q56804778,father
Q496572,Q116467106,child
Q496572,Q116467107,child
Q496572,Q14342,spouse
Q496572,Q56806003,child
Q496627,Q16070048,child
Q496634,Q12610476,father
Q496634,Q192049,grandchild
Q496634,Q21825445,sibling
Q496634,Q3565110,child
Q496634,Q470047,child
Q496799,Q127684742,father
Q4968027,Q126684135,child
Q4968027,Q19349619,child
Q4968085,Q489279,child
Q4968085,Q4991790,spouse
Q496842,Q133850234,child
Q496842,Q16090786,child
Q496842,Q18648469,spouse
Q496842,Q6783126,child
Q496868,Q16173139,spouse
Q496868,Q272329,sibling
Q496948,Q85879122,child
Q497174,Q11499920,child
Q497174,Q15057674,child
Q497174,Q296734,spouse
Q497174,Q4307061,child
Q497174,Q4307062,child
Q497174,Q486569,child
Q497174,Q562683,child
Q4971884,Q16219888,sibling
Q497270,Q18329053,child
Q497392,Q488500,spouse
Q497392,Q488697,child
Q497404,Q115528193,child
Q497413,Q488500,child
Q497413,Q488666,spouse
Q497413,Q8512697,child
Q497413,Q8512711,child
Q497438,Q22974724,sibling
Q497438,Q488697,father
Q497438,Q497473,sibling
Q497438,Q626466,father
Q497438,Q626466,mother
Q497438,Q8512736,sibling
Q497438,Q8512743,sibling
Q497438,Q8512750,sibling
Q497473,Q15139424,child
Q497473,Q22974724,sibling
Q497473,Q378483,child
Q497473,Q488697,father
Q497473,Q497438,sibling
Q497473,Q497507,spouse
Q497473,Q626466,father
Q497473,Q626466,mother
Q497473,Q8512736,sibling
Q497473,Q8512743,sibling
Q497473,Q8512750,sibling
Q497473,Q8512758,child
Q497473,Q8512766,child
Q497507,Q378483,child
Q497507,Q497473,spouse
Q497693,Q484197,spouse
Q497785,Q493597,spouse
Q4978038,Q104416379,child
Q4978038,Q135688280,child
Q498053,Q13482021,sibling
Q498199,Q131195713,spouse
Q498243,Q496092,sibling
Q498343,Q24858167,spouse
Q498707,Q12604162,father
Q498707,Q14304,sibling
Q498707,Q16180284,sibling
Q498707,Q16181942,sibling
Q498707,Q3382230,sibling
Q498707,Q378483,father
Q498707,Q483467,sibling
Q498707,Q485556,sibling
Q498707,Q488670,sibling
Q498707,Q488700,sibling
Q498707,Q498713,sibling
Q498707,Q626461,sibling
Q498713,Q14304,sibling
Q498713,Q16180284,sibling
Q498713,Q378483,father
Q498713,Q483467,sibling
Q498713,Q485556,sibling
Q498713,Q488670,sibling
Q498713,Q488700,sibling
Q498713,Q498707,sibling
Q498713,Q626461,sibling
Q498713,Q6743293,father
Q498905,Q10855139,sibling
Q4991757,Q4991790,child
Q4991767,Q1062006,sibling
Q4991767,Q41117,sibling
Q4991767,Q489279,father
Q4991786,Q489279,sibling
Q4991786,Q4991790,father
Q4991790,Q489279,child
Q4991790,Q4968085,spouse
Q4991790,Q4991757,father
Q4991790,Q4991786,child
Q4991838,Q56655692,child
Q50420882,Q484886,spouse
Q5045600,Q56651618,child
Q50606,Q16090975,spouse
Q5071636,Q16091408,child
Q5071680,Q122394748,spouse
Q50973131,Q494290,spouse
Q51029,Q339595,father
Q51029,Q484866,spouse
Q51029,Q496421,child
Q5103936,Q30949603,spouse
Q5103939,Q491143,child
Q5103939,Q6362185,spouse
Q5103979,Q486369,father
Q5115173,Q11271937,sibling
Q5116286,Q12616026,spouse
Q5116286,Q488446,father
Q517090,Q1478446,spouse
Q5249793,Q65291611,spouse
Q5257517,Q1857571,father
Q5285889,Q54981960,sibling
Q5285889,Q6874759,child
Q5285889,Q97339390,sibling
Q52990877,Q116467106,spouse
Q52990877,Q117234752,father
Q5354230,Q311219,father
Q5354230,Q6153255,spouse
Q5354230,Q73403,sibling
Q5354467,Q496004,sibling
Q5356443,Q464569,spouse
Q5360259,Q17189628,spouse
Q541255,Q18685050,spouse
Q54348,Q368516,spouse
Q54351,Q16177365,spouse
Q54868073,Q16179548,child
Q54868073,Q263732,child
Q54981960,Q5285889,sibling
Q54981960,Q97339390,sibling
Q54981984,Q31178898,child
Q54981984,Q402179,spouse
Q552176,Q125487412,spouse
Q55616008,Q456408,spouse
Q55694544,Q18531275,sibling
Q55727141,Q126085540,spouse
Q55728067,Q22668495,child
Q55728172,Q16080231,father
Q55728317,Q16080234,father
Q55728374,Q105705314,sibling
Q55728630,Q108852060,child
Q55728795,Q31178702,sibling
Q55729811,Q124709161,father
Q55729811,Q16090987,child
Q55729811,Q23995055,spouse
Q55729811,Q485640,child
Q55730002,Q22973872,sibling
Q55730170,Q6791544,father
Q55730792,Q16079909,father
Q55731749,Q24846650,father
Q55732720,Q18815657,father
Q55732903,Q106207040,sibling
Q55733169,Q18642273,child
Q55733169,Q18648498,child
Q55733169,Q626113,spouse
Q55733700,Q105316438,sibling
Q55733843,Q19940963,father
Q55734052,Q128812698,mother
Q55734052,Q490114,father
Q55734065,Q119432893,child
Q55734183,Q483957,sibling
Q55735663,Q5636423,father
Q55736005,Q16163303,sibling
Q55736005,Q16163854,father
Q55736005,Q626461,spouse
Q55736105,Q492515,spouse
Q55736106,Q85011677,sibling
Q55737080,Q117820470,mother
Q5610843,Q12602760,spouse
Q56226,Q117012326,child
Q56226,Q14864448,child
Q56226,Q263732,mother
Q56226,Q317824,sibling
Q56226,Q385795,sibling
Q56226,Q4330912,sibling
Q56226,Q705218,sibling
Q56226,Q714658,spouse
Q56236767,Q107747135,mother
Q56236767,Q487876,father
Q56251726,Q102311806,spouse
Q562683,Q15057674,sibling
Q562683,Q296734,father
Q562683,Q4307061,sibling
Q562683,Q4307062,sibling
Q562683,Q486569,sibling
Q562683,Q497174,father
Q562683,Q497174,mother
Q56274053,Q131309015,spouse
Q562837,Q269537,spouse
Q5636423,Q12622440,sibling
Q5636423,Q55735663,child
Q5636447,Q626249,sibling
Q56433189,Q16181530,mother
Q56433189,Q17964206,father
Q56434915,Q7336146,father
Q56434940,Q7336146,father
Q56434961,Q16262220,father
Q56434988,Q7336146,father
Q56435719,Q468467,father
Q5646626,Q11663968,mother
Q5646649,Q123999836,child
Q5646649,Q12623986,sibling
Q5646649,Q12624049,sibling
Q5646649,Q12624092,mother
Q5646649,Q137289337,spouse
Q5646649,Q94518753,child
Q56476186,Q118994184,sibling
Q5648797,Q47683311,sibling
Q56489891,Q127605666,father
Q56489891,Q127689692,spouse
Q56489891,Q127816710,mother
Q56651569,Q16080380,father
Q56651591,Q16091847,spouse
Q56651618,Q5045600,father
Q56651624,Q18648496,spouse
Q56654997,Q16091096,father
Q56655692,Q4991838,father
Q56660174,Q126974531,mother
Q56691163,Q495069,sibling
Q56697751,Q16173248,child
Q56697773,Q16173248,father
Q56697773,Q18567542,sibling
Q56697773,Q18605825,sibling
Q56697812,Q16173248,sibling
Q56698261,Q31178662,child
Q56698261,Q84040,child
Q56701982,Q16173248,sibling
Q56702004,Q16173248,sibling
Q56702017,Q16173248,father
Q56702017,Q18567542,sibling
Q56702017,Q18605825,sibling
Q56702025,Q16173248,father
Q56702025,Q18567542,sibling
Q56702025,Q18605825,sibling
Q56803991,Q17504204,child
Q56803991,Q18567368,child
Q56804102,Q16090891,spouse
Q56804206,Q16090891,child
Q56804266,Q16090891,father
Q56804332,Q496509,father
Q56804591,Q496509,spouse
Q56804639,Q496509,father
Q56804778,Q15707513,sibling
Q56804778,Q16080219,sibling
Q56804778,Q16091306,spouse
Q56804778,Q16181033,sibling
Q56804778,Q496509,child
Q56804986,Q17504204,sibling
Q56804986,Q18567368,sibling
Q56805128,Q21060156,spouse
Q56805419,Q18567368,spouse
Q56806003,Q496572,mother
Q56812368,Q18381120,father
Q56812371,Q18381120,father
Q56812378,Q18381120,father
Q56812420,Q18381120,father
Q56812422,Q625821,father
Q56818863,Q625944,spouse
Q56824863,Q123909199,spouse
Q56825125,Q489036,child
Q56825320,Q16177593,mother
Q56825321,Q16177593,mother
Q56825326,Q16177593,mother
Q56827483,Q16172178,father
Q56827588,Q16172178,father
Q56827778,Q16172178,father
Q56833272,Q356675,spouse
Q56833518,Q356675,father
Q56839624,Q20859562,child
Q56839651,Q20859562,mother
Q56839654,Q20859562,mother
Q56839658,Q20859562,mother
Q56839723,Q18328683,father
Q56839723,Q7848255,spouse
Q56839751,Q211648,father
Q56839801,Q16261253,spouse
Q56839869,Q211648,father
Q56884240,Q494097,child
Q57025666,Q7847945,father
Q57025666,Q7848947,sibling
Q57025666,Q7849102,sibling
Q57027438,Q20855638,mother
Q57027438,Q494851,child
Q57027600,Q112023329,sibling
Q57027600,Q494851,child
Q57208109,Q3890747,spouse
Q5731547,Q11286019,child
Q5731547,Q12624812,child
Q57599081,Q486959,sibling
Q57599098,Q486959,sibling
Q578141,Q31178499,spouse
Q58097409,Q112240041,spouse
Q58174592,Q116040887,spouse
Q58476377,Q24000602,spouse
Q58476561,Q489036,sibling
Q5872246,Q705958,spouse
Q58862215,Q6514388,father
Q58900826,Q22973121,mother
Q5894111,Q6961101,father
Q5920126,Q111939793,father
Q5951894,Q1587695,father
Q5951977,Q11677732,sibling
Q59594051,Q104044292,spouse
Q59594486,Q16080268,spouse
Q5959724,Q16172540,spouse
Q5962495,Q116694687,father
Q5962495,Q116694690,spouse
Q59670293,Q122945769,sibling
Q59670293,Q131128354,sibling
Q59749624,Q87685800,sibling
Q60608380,Q16092068,spouse
Q60828153,Q19950258,sibling
Q61091222,Q16187455,child
Q61091619,Q16189113,child
Q61098278,Q85879122,father
Q61100362,Q484674,father
Q61100567,Q21058754,child
Q61100689,Q116040887,child
Q61100689,Q116040998,child
Q61101096,Q626438,child
Q6153255,Q5354230,spouse
Q6153892,Q456182,spouse
Q61655609,Q18605676,child
Q61655609,Q18697706,child
Q616590,Q3659507,spouse
Q61715236,Q109109100,sibling
Q6180265,Q21060180,child
Q61827783,Q7083270,sibling
Q61872876,Q104610498,spouse
Q6204338,Q21710417,spouse
Q6204338,Q21710516,grandfather
Q6204338,Q21710535,child
Q6204338,Q21710537,child
Q6204338,Q6204475,father
Q6204475,Q6204338,child
Q623495,Q12610338,sibling
Q623495,Q3565110,father
Q623521,Q12588577,child
Q623627,Q496413,spouse
Q623681,Q130411748,sibling
Q623681,Q16098012,father
Q623737,Q16080552,spouse
Q623803,Q6408770,sibling
Q623856,Q10855915,spouse
Q62396988,Q24000552,spouse
Q624109,Q11266502,sibling
Q624109,Q12611590,sibling
Q624109,Q12611701,sibling
Q624109,Q12613866,spouse
Q624109,Q12625359,father
Q624109,Q494412,father
Q624135,Q624195,spouse
Q624195,Q624135,spouse
Q624211,Q112550277,spouse
Q624253,Q165210,spouse
Q624322,Q12588765,father
Q624351,Q24861439,child
Q624392,Q16092482,child
Q624392,Q16176332,child
Q624392,Q466457,child
Q624394,Q28700176,spouse
Q624401,Q11682535,sibling
Q624445,Q65269472,father
Q624445,Q85011425,child
Q624491,Q3140101,grandchild
Q624515,Q12610079,child
Q624523,Q122848289,spouse
Q624531,Q97338773,child
Q624651,Q11286457,spouse
Q624651,Q468467,father
Q624795,Q115773813,child
Q624795,Q134411657,father
Q624795,Q134411774,father
Q624924,Q12611579,spouse
Q625007,Q107494309,spouse
Q625096,Q12596619,spouse
Q625096,Q12610846,child
Q625144,Q12583172,spouse
Q625144,Q6362185,child
Q625199,Q12613912,spouse
Q625212,Q12586510,father
Q625212,Q131933141,father
Q625212,Q16080136,sibling
Q625225,Q127691741,father
Q625257,Q118127099,spouse
Q625257,Q12625359,sibling
Q625257,Q12625503,father
Q625257,Q16177593,father
Q625257,Q16177593,mother
Q625257,Q16179644,sibling
Q625257,Q23939885,child
Q625291,Q16174033,father
Q625291,Q16174033,mother
Q625291,Q18648443,spouse
Q625291,Q19941294,sibling
Q625389,Q12610215,child
Q625389,Q12610274,child
Q625389,Q192049,spouse
Q625471,Q489462,spouse
Q625487,Q110941547,father
Q625487,Q14342,sibling
Q625489,Q7451482,sibling
Q625534,Q31179301,father
Q625555,Q12625854,spouse
Q625650,Q10855821,sibling
Q625650,Q12588105,mother
Q625650,Q12590443,child
Q625650,Q16219820,child
Q625650,Q242651,spouse
Q625732,Q483926,sibling
Q625766,Q493021,spouse
Q625775,Q496237,spouse
Q625786,Q12623986,spouse
Q625786,Q2598021,child
Q625788,Q17503492,sibling
Q625821,Q56812422,child
Q625870,Q489036,spouse
Q625905,Q79904634,spouse
Q625938,Q121077856,child
Q625938,Q16092153,child
Q625944,Q56818863,spouse
Q625977,Q110117907,child
Q626073,Q107109753,child
Q626073,Q232285,spouse
Q626074,Q10457763,sibling
Q626092,Q116766742,child
Q626092,Q16172944,father
Q626113,Q18642273,child
Q626113,Q18648498,child
Q626113,Q55733169,spouse
Q626194,Q16176525,father
Q626249,Q5636447,sibling
Q626273,Q12595795,spouse
Q626273,Q6781815,child
Q626438,Q12595703,sibling
Q626438,Q12595851,child
Q626438,Q12596927,spouse
Q626438,Q484380,child
Q626438,Q61101096,father
Q626461,Q12604162,father
Q626461,Q14304,sibling
Q626461,Q16180284,sibling
Q626461,Q16181942,sibling
Q626461,Q3382230,sibling
Q626461,Q378483,father
Q626461,Q483467,sibling
Q626461,Q485556,sibling
Q626461,Q488670,sibling
Q626461,Q488700,sibling
Q626461,Q498707,sibling
Q626461,Q498713,sibling
Q626461,Q55736005,spouse
Q626466,Q488697,spouse
Q626466,Q497438,child
Q626466,Q497473,child
Q626466,Q8512736,child
Q626466,Q8512743,child
Q626466,Q8512750,child
Q626491,Q153778,sibling
Q626491,Q391400,sibling
Q626601,Q136696989,sibling
Q626601,Q6811775,sibling
Q626615,Q7218065,spouse
Q626644,Q12587966,father
Q626667,Q134367214,spouse
Q626667,Q134367247,child
Q626718,Q12588638,spouse
Q626739,Q134302698,spouse
Q626819,Q483842,grandchild
Q626991,Q13646009,sibling
Q6305309,Q16192929,spouse
Q6312600,Q12617042,spouse
Q6312637,Q19854570,father
Q6312662,Q16189313,spouse
Q63378998,Q122626021,spouse
Q6362185,Q12583172,mother
Q6362185,Q491143,child
Q6362185,Q5103939,spouse
Q6362185,Q625144,mother
Q6362187,Q1953626,spouse
Q6362253,Q6362264,sibling
Q6362264,Q6362253,sibling
Q63943139,Q16767748,sibling
Q63964279,Q16178449,child
Q63964279,Q484840,child
Q63964279,Q4934381,spouse
Q63964711,Q484840,spouse
Q6408371,Q493455,spouse
Q6408412,Q3196768,spouse
Q6408543,Q15788028,sibling
Q6408647,Q110123936,child
Q6408665,Q12587265,child
Q6408770,Q623803,sibling
Q6408801,Q19561180,spouse
Q6408844,Q6956410,spouse
Q6408870,Q134571070,spouse
Q6408879,Q16179683,spouse
Q6408881,Q1541644,spouse
Q6408910,Q12611449,spouse
Q6408910,Q12966451,child
Q6408910,Q16175060,spouse
Q6408910,Q16179779,child
Q6409055,Q13432221,mother
Q6409364,Q15711594,child
Q6409680,Q16586322,child
Q6409686,Q12589306,sibling
Q6411575,Q465248,spouse
Q6420543,Q44260,sibling
Q6424117,Q12612583,spouse
Q6425991,Q26701451,mother
Q6430820,Q495000,child
Q6450322,Q21824806,child
Q6489872,Q2644834,spouse
Q64918664,Q380681,father
Q65030840,Q16586322,child
Q65060693,Q124961755,sibling
Q6513165,Q122394708,sibling
Q6513165,Q122394710,spouse
Q6513165,Q122394747,child
Q6513165,Q122394748,child
Q6513165,Q12612933,child
Q6513165,Q12612970,child
Q6513165,Q16090742,child
Q6513165,Q16090812,child
Q6513549,Q16091140,sibling
Q6513744,Q16175314,sibling
Q6514127,Q12612933,father
Q6514303,Q12612841,father
Q6514303,Q3572265,child
Q6514388,Q58862215,child
Q6515011,Q12611257,sibling
Q6515011,Q14320941,spouse
Q6515185,Q492802,sibling
Q6515558,Q21059881,spouse
Q65269472,Q624445,child
Q65291611,Q5249793,spouse
Q65296762,Q493995,child
Q65296920,Q433295,mother
Q65296920,Q493995,father
Q6610677,Q16080384,spouse
Q6617014,Q12616843,child
Q6617244,Q12610256,spouse
Q6617244,Q99767258,father
Q66362758,Q488106,sibling
Q6652730,Q12618537,spouse
Q6652976,Q16080982,spouse
Q66685126,Q887285,sibling
Q6668980,Q110117754,sibling
Q6668980,Q272236,sibling
Q6673667,Q12596272,father
Q6673667,Q6853912,sibling
Q6679138,Q12965580,spouse
Q6679200,Q12589061,sibling
Q6679200,Q7253672,spouse
Q6682161,Q16080368,child
Q6682314,Q471695,spouse
Q6685856,Q110124576,sibling
Q6685856,Q110125531,mother
Q6685856,Q110125609,sibling
Q6694102,Q491095,spouse
Q6699528,Q257425,spouse
Q6711063,Q16082942,spouse
Q6711159,Q12834850,spouse
Q6732223,Q12583935,child
Q6732223,Q12626230,child
Q6732223,Q485587,spouse
Q6742134,Q40403425,spouse
Q6743293,Q14304,child
Q6743293,Q16180284,child
Q6743293,Q3382230,child
Q6743293,Q378483,spouse
Q6743293,Q483467,child
Q6743293,Q485556,child
Q6743293,Q488670,child
Q6743293,Q488700,child
Q6743293,Q498713,child
Q6745643,Q10855822,spouse
Q6747187,Q16091539,child
Q6747187,Q16183695,spouse
Q6747264,Q12615792,spouse
Q6747264,Q18013379,sibling
Q6747264,Q483517,father
Q6762628,Q10665,spouse
Q6776261,Q16177384,spouse
Q6776454,Q12584207,spouse
Q6779816,Q257425,spouse
Q6781666,Q12601473,spouse
Q6781730,Q12612843,spouse
Q6781815,Q12595795,mother
Q6781815,Q626273,father
Q6781815,Q626273,mother
Q6781992,Q368852,spouse
Q6783126,Q133850234,sibling
Q6783126,Q16090786,sibling
Q6783126,Q18648469,father
Q6783126,Q18648469,mother
Q6783126,Q496842,mother
Q6783577,Q3786443,spouse
Q6784089,Q12596724,child
Q6784157,Q14356,child
Q6784157,Q20855604,child
Q6784157,Q20855812,child
Q6784197,Q134294455,spouse
Q6788865,Q7517270,mother
Q6791544,Q12597529,child
Q6791544,Q12597562,sibling
Q6791544,Q55730170,child
Q6793594,Q493659,spouse
Q6793625,Q24859999,sibling
Q6793625,Q469387,mother
Q6793625,Q493692,sibling
Q6796230,Q485911,spouse
Q6811459,Q483117,spouse
Q6811775,Q136696989,sibling
Q6811775,Q626601,sibling
Q6818945,Q483927,spouse
Q6820578,Q104585577,child
Q6820869,Q42418509,spouse
Q6822380,Q483621,spouse
Q6824112,Q31178641,spouse
Q6824264,Q12611404,spouse
Q6824297,Q98389209,spouse
Q6849027,Q3156766,sibling
Q6849693,Q8924428,sibling
Q6853641,Q489681,spouse
Q6853912,Q12596272,mother
Q6853912,Q14304,spouse
Q6853912,Q16176271,child
Q6853912,Q16180324,child
Q6853912,Q483255,child
Q6853912,Q486251,child
Q6853912,Q6673667,sibling
Q6862536,Q1075512,spouse
Q6874759,Q5285889,mother
Q69018456,Q1990369,spouse
Q6930436,Q493659,spouse
Q6956410,Q6408844,spouse
Q6956451,Q12589581,sibling
Q6958033,Q12615545,spouse
Q6961101,Q5894111,child
Q69697161,Q24000700,spouse
Q699503,Q24860408,sibling
Q699503,Q334312,father
Q699503,Q469387,sibling
Q699503,Q485587,sibling
Q699503,Q493659,sibling
Q699503,Q699513,sibling
Q699503,Q7216705,mother
Q699503,Q7336236,sibling
Q699513,Q24860408,sibling
Q699513,Q334312,father
Q699513,Q469387,sibling
Q699513,Q485587,sibling
Q699513,Q493659,sibling
Q699513,Q699503,sibling
Q699513,Q709498,child
Q699513,Q7336236,sibling
Q702565,Q16176680,child
Q702565,Q41117,spouse
Q702565,Q710805,child
Q702565,Q76650924,child
Q704280,Q24856446,sibling
Q704280,Q368892,child
Q704283,Q16173605,sibling
Q704283,Q712012,father
Q704432,Q705869,father
Q704568,Q334312,child
Q704568,Q7189091,father
Q705212,Q10665,spouse
Q705218,Q10665,mother
Q705218,Q317824,sibling
Q705218,Q385795,sibling
Q705218,Q4330912,sibling
Q705218,Q56226,sibling
Q705218,Q714481,mother
Q705869,Q704432,child
Q705958,Q5872246,spouse
Q7083270,Q61827783,sibling
Q709498,Q493692,spouse
Q709498,Q699513,father
Q709498,Q699513,mother
Q709975,Q1062006,child
Q709975,Q41117,child
Q709975,Q489279,spouse
Q710805,Q10665,sibling
Q710805,Q271067,sibling
Q710805,Q41117,father
Q710805,Q702565,father
Q710805,Q702565,mother
Q710805,Q76656577,child
Q710805,Q76657224,child
Q710805,Q840719,sibling
Q710937,Q20038611,spouse
Q712012,Q12619904,sibling
Q712012,Q16173605,child
Q712012,Q704283,child
Q712012,Q83158281,father
Q7137665,Q16091150,spouse
Q7137742,Q7137773,spouse
Q7137773,Q7137742,spouse
Q7137830,Q79904221,father
Q7137830,Q79904221,mother
Q7137834,Q11521580,sibling
Q7137845,Q3703166,spouse
Q7137910,Q16081413,child
Q7137912,Q112766857,spouse
Q7137915,Q12597152,child
Q714481,Q10665,spouse
Q714481,Q705218,child
Q714481,Q77561335,child
Q714509,Q8287842,father
Q714658,Q14864448,child
Q714658,Q56226,spouse
Q714658,Q96276527,child
Q7189091,Q704568,child
Q7189945,Q17314933,child
Q7204311,Q12589318,spouse
Q7204839,Q16193195,sibling
Q7204839,Q484522,sibling
Q7214169,Q134411914,child
Q7214169,Q257425,child
Q7214248,Q257425,spouse
Q7214248,Q484866,child
Q7216705,Q334312,spouse
Q7216705,Q699503,child
Q7218065,Q626615,spouse
Q7219738,Q485578,father
Q7219738,Q493692,spouse
Q72291512,Q107617686,child
Q7242942,Q257425,father
Q7242942,Q484866,sibling
Q7242942,Q487728,sibling
Q7253672,Q12588172,father
Q7253672,Q12590006,father
Q7253672,Q6679200,spouse
Q72703135,Q110253203,child
Q7276140,Q11270980,sibling
Q7332119,Q12594295,spouse
Q7336146,Q128812698,child
Q7336146,Q56434915,child
Q7336146,Q56434940,child
Q7336146,Q56434988,child
Q7336236,Q24859999,child
Q7336236,Q334312,mother
Q7336236,Q469387,sibling
Q7336236,Q469387,spouse
Q7336236,Q485587,sibling
Q7336236,Q493659,sibling
Q7336236,Q493692,child
Q7336236,Q699503,sibling
Q7336236,Q699513,sibling
Q73403,Q5354230,sibling
Q7385296,Q11477189,sibling
Q7385336,Q30924817,spouse
Q7385336,Q843300,sibling
Q7385485,Q332998,sibling
Q7402157,Q17024880,child
Q741655,Q3395911,spouse
Q74499817,Q29881198,mother
Q74500749,Q29881198,mother
Q7451472,Q48159708,sibling
Q7451482,Q625489,sibling
Q7451534,Q12601620,sibling
Q7496795,Q11317852,spouse
Q7497224,Q113001490,sibling
Q7497224,Q17963959,child
Q7497224,Q7880974,spouse
Q7517270,Q6788865,child
Q7606143,Q17314933,father
Q7635171,Q12600889,father
Q7635172,Q123937759,father
Q7663563,Q79611370,spouse
Q76650924,Q29841145,spouse
Q76650924,Q702565,mother
Q76656577,Q710805,father
Q76657224,Q710805,father
Q76657833,Q29841145,father
Q76658133,Q29841145,father
Q76659518,Q317824,father
Q76826629,Q95585442,spouse
Q7696122,Q19599201,sibling
Q77554529,Q271067,mother
Q77554529,Q496004,father
Q77555945,Q271067,mother
Q77555945,Q496004,father
Q77561335,Q714481,mother
Q77841796,Q485218,father
Q78317473,Q120562152,spouse
Q78317473,Q120562200,father
Q7847945,Q14356,sibling
Q7847945,Q20855604,sibling
Q7847945,Q20855812,sibling
Q7847945,Q57025666,child
Q7847945,Q7848947,child
Q7847945,Q7849102,child
Q7848255,Q12604197,spouse
Q7848255,Q138048,sibling
Q7848255,Q14356,mother
Q7848255,Q20859562,sibling
Q7848255,Q390099,mother
Q7848255,Q56839723,spouse
Q7848255,Q7848332,sibling
Q7848332,Q138048,sibling
Q7848332,Q14356,father
Q7848332,Q20859562,sibling
Q7848332,Q390099,father
Q7848332,Q390099,mother
Q7848332,Q7848255,sibling
Q7848332,Q7952260,spouse
Q7848947,Q246167,spouse
Q7848947,Q57025666,sibling
Q7848947,Q7847945,father
Q7848947,Q7849102,sibling
Q7848947,Q7849225,child
Q7849102,Q57025666,sibling
Q7849102,Q7847945,father
Q7849102,Q7848947,sibling
Q7849225,Q246167,father
Q7849225,Q7848947,mother
Q78578037,Q126937178,sibling
Q78777761,Q130540249,father
Q7880974,Q17963959,child
Q7880974,Q7497224,spouse
Q79404316,Q131195713,child
Q79404428,Q21825414,father
Q79404521,Q108045004,sibling
Q79404610,Q16080333,sibling
Q79404641,Q122609224,father
Q79404641,Q122609224,mother
Q7952260,Q7848332,spouse
Q79611370,Q133820861,sibling
Q79611370,Q310971,sibling
Q79611370,Q346751,father
Q79611370,Q7663563,spouse
Q79904221,Q7137830,child
Q79904238,Q4935136,sibling
Q79904342,Q105706367,child
Q79904342,Q490192,spouse
Q79904634,Q625905,spouse
Q79906103,Q12614963,child
Q79906103,Q14362,child
Q79926136,Q12615826,child
Q8031676,Q117454264,spouse
Q8031684,Q28698692,spouse
Q8031686,Q16090398,father
Q8032064,Q115134283,spouse
Q8052399,Q16092009,spouse
Q8053456,Q489737,father
Q8053468,Q16175110,father
Q8055137,Q109235775,spouse
Q8055175,Q16169562,father
Q8059932,Q28698781,child
Q8059932,Q97338699,spouse
Q81226431,Q16884066,spouse
Q81226776,Q87943248,spouse
Q81227097,Q12623928,father
Q81651740,Q21066055,sibling
Q8287842,Q714509,child
Q83158281,Q12619904,child
Q83158281,Q712012,child
Q83158438,Q489989,child
Q83551047,Q489989,sibling
Q83551198,Q49249362,child
Q83551526,Q16168773,mother
Q83553434,Q12616934,child
Q83553434,Q85985151,father
Q83804447,Q85010226,father
Q83804447,Q85010226,mother
Q83945397,Q126684243,sibling
Q83945397,Q131451173,father
Q83945397,Q131451173,mother
Q83945397,Q2315679,sibling
Q83945397,Q28699722,spouse
Q84040,Q12619846,father
Q84040,Q16219820,spouse
Q84040,Q31178662,sibling
Q84040,Q56698261,father
Q840719,Q10665,sibling
Q840719,Q271067,sibling
Q840719,Q41117,father
Q840719,Q463949,father
Q840719,Q463949,mother
Q840719,Q710805,sibling
Q841146,Q17304817,child
Q842800,Q15125241,spouse
Q843300,Q7385336,sibling
Q85010123,Q12615959,mother
Q85010226,Q83804447,child
Q85011425,Q134293476,child
Q85011425,Q134293478,child
Q85011425,Q624445,father
Q85011677,Q55736106,sibling
Q8512697,Q488500,sibling
Q8512697,Q488666,father
Q8512697,Q497413,mother
Q8512711,Q488500,sibling
Q8512711,Q488666,father
Q8512711,Q497413,mother
Q8512736,Q22974724,sibling
Q8512736,Q488697,father
Q8512736,Q497438,sibling
Q8512736,Q497473,sibling
Q8512736,Q626466,mother
Q8512743,Q22974724,sibling
Q8512743,Q488697,father
Q8512743,Q497438,sibling
Q8512743,Q497473,sibling
Q8512743,Q626466,mother
Q8512750,Q22974724,sibling
Q8512750,Q488697,father
Q8512750,Q497438,sibling
Q8512750,Q497473,sibling
Q8512750,Q626466,mother
Q8512758,Q15139424,sibling
Q8512758,Q16880402,child
Q8512758,Q16978897,child
Q8512758,Q16978911,child
Q8512758,Q378483,sibling
Q8512758,Q497473,father
Q8512766,Q15139424,sibling
Q8512766,Q378483,sibling
Q8512766,Q497473,father
Q85360203,Q12597311,spouse
Q85360251,Q134986685,spouse
Q85360251,Q135085240,father
Q85632402,Q47354459,sibling
Q85792610,Q17486965,child
Q85879122,Q496948,father
Q85879122,Q61098278,child
Q85905823,Q119713819,spouse
Q85905823,Q119715395,father
Q85974910,Q97196401,spouse
Q85981736,Q12604953,child
Q85983854,Q16182428,father
Q85983979,Q12610950,sibling
Q85984120,Q22974724,father
Q85984120,Q488697,grandfather
Q85984426,Q110116160,child
Q85985151,Q12617008,child
Q85985151,Q83553434,child
Q85985252,Q115528240,spouse
Q87451834,Q87452056,sibling
Q87452056,Q87451834,sibling
Q87685800,Q59749624,sibling
Q87943248,Q81226776,spouse
Q87981909,Q123399365,father
Q87981909,Q12616346,sibling
Q88293458,Q89707982,spouse
Q88623316,Q109375925,father
Q88636580,Q13452302,spouse
Q88683078,Q115773813,spouse
Q887285,Q66685126,sibling
Q88928280,Q123999841,sibling
Q88928280,Q16080077,sibling
Q89013641,Q122780589,spouse
Q8924428,Q6849693,sibling
Q89707982,Q88293458,spouse
Q89733932,Q116785191,spouse
Q900563,Q492284,spouse
Q9006285,Q237673,spouse
Q9008023,Q21709737,spouse
Q90292902,Q16095602,father
Q90789527,Q43133525,sibling
Q907913,Q111939793,father
Q90941454,Q16080163,sibling
Q91285135,Q12604190,father
Q91285135,Q16091326,father
Q91285135,Q16091326,mother
Q92059734,Q41652919,father
Q9210578,Q18998869,spouse
Q92684865,Q168567,spouse
Q92684865,Q21059072,child
Q92686670,Q11644701,child
Q92686670,Q168567,spouse
Q92686670,Q486599,child
Q92688346,Q168567,mother
Q92688346,Q20948642,mother
Q9326975,Q491580,spouse
Q93752810,Q16083277,sibling
Q93757585,Q19162007,father
Q93757585,Q19162007,mother
Q93759105,Q127605666,father
Q93759105,Q127816710,father
Q93759105,Q127816710,mother
Q94187,Q483892,spouse
Q94381115,Q112027765,spouse
Q94381115,Q12586961,mother
Q94405692,Q136562810,father
Q94405692,Q136562846,sibling
Q94405692,Q20685523,child
Q94429593,Q105705900,child
Q94429593,Q16084762,father
Q94489565,Q117794486,spouse
Q94489565,Q465489,mother
Q94518753,Q137289337,mother
Q94518753,Q5646649,mother
Q94619817,Q134986685,child
Q94683067,Q130720075,father
Q94683067,Q130720075,mother
Q94683067,Q130726231,sibling
Q95585442,Q76826629,spouse
Q96276527,Q714658,father
Q96276527,Q714658,mother
Q96759858,Q125251562,sibling
Q97190048,Q97208701,father
Q97196401,Q85974910,spouse
Q97198138,Q16090431,sibling
Q97198853,Q126743048,child
Q97199071,Q111990408,child
Q97199071,Q116040998,spouse
Q97199071,Q126684410,father
Q97202454,Q39498825,spouse
Q97204864,Q111515429,sibling
Q97206273,Q16179601,sibling
Q97208502,Q131316099,child
Q97208701,Q97190048,child
Q97216379,Q117826933,spouse
Q97216379,Q495980,child
Q97229899,Q12595907,father
Q97236495,Q16623783,father
Q97338699,Q28698781,child
Q97338699,Q8059932,spouse
Q97338773,Q624531,father
Q97338773,Q624531,mother
Q97339166,Q12604087,father
Q97339390,Q5285889,sibling
Q97339390,Q54981960,sibling
Q97339801,Q136648441,spouse
Q97339825,Q97339828,child
Q97339828,Q97339825,father
Q97477976,Q107109039,spouse
Q97860549,Q133680537,spouse
Q98389209,Q6824297,spouse
Q99767258,Q6617244,child
