key,name,gender,birthdate,deathdate,description
Q10265337,Derek Basco,m,20060917,,미국 배우
Q10457763,남궁웅,m,19820604,,대한민국의 축구 지도자
Q10514933,이재권,m,19920810,,대한민국의 축구 선수
Q1062006,김영주,m,19120415,20211201,조선민주주의인민공화국의 정치인 (1920–2021)
Q107409,윤석구,m,18920315,19500101,대한민국의 정치인 (1892–1950)
Q1075512,조치효,m,19700315,,South Korean handball player
Q1080180,송혜교,f,19850919,,대한민국의 배우
Q10822153,선우은숙,f,19500117,,대한민국의 배우
Q10829234,Trấn Thành,m,19850622,,"Vietnamese actor, comedian, businessman, filmmaker and television presenter (born 1987)"
Q10855139,강윤지,f,19800222,,대한민국의 가수 (1982-)
Q10855140,강의석,m,19600101,,한국의 영화 감독이자 무신론자
Q10855787,김규철,m,19670101,,대한민국의 배우
Q10855821,김복동,m,19350311,20000419,대한민국의 군인 출신 정치가 (1933–2000)
Q10855843,김승준,m,20040721,,대한민국의 바둑 기사
Q10855875,김재형,m,19160424,20110410,대한민국의 드라마 연출가 (1936–2011)
Q10855915,김한길,m,19621111,,"대한민국의 소설가, 정치인"
Q10855920,김형석,m,19760522,,South Korean composer
Q10855929,김환기,m,19160101,19740725,대한민국의 서양화가 (1913–1974)
Q10855990,나시모토노미야 이쓰코,f,19011104,19760819,일본의 황족
Q10874903,정안왕후,f,13570709,14120704,조선 정종의 왕비
Q1092288,김성용,m,19551209,,조선민주주의인민공화국의 축구 선수
Q10941620,태병렬,m,19530306,19861229,조선민주주의인민공화국의 군인 겸 정치인
Q110010,신돈,m,13220101,13710101,고려 말의 승려 출신 문신·정치인
Q11040656,윤종용,m,19741009,,대한민국의 기업인
Q110456,김영남,m,19280204,20251103,조선민주주의인민공화국의 정치가 (1928–2025)
Q11096031,귀인 이씨,f,18520908,19700101,고종의 후궁
Q11097307,이원조,m,18780101,,일제강점기의 언론인
Q11223421,히카루,f,19661031,,일본 프로레슬러
Q11242341,미야자키 레이카,f,19581208,,Japanese businessperson
Q11243216,야노 시호,f,19750729,,일본의 여성 모델
Q11243402,박종철,m,19280101,19870114,대한민국의 민주화운동가 (1965–1987)
Q11243466,박철우,m,19850624,,South Korean volleyball player
Q11244078,백낙청,m,19260927,,"대한민국의 영문학자, 문학평론가, 사회운동가"
Q11250148,서경식,m,19220101,20231218,"재일 조선인 법학 교수, 작가"
Q11256848,아이하라 미카,f,19480424,,일본 여배우
Q11263229,우범선,m,18980408,19031124,"조선과 대한제국의 무신 겸 정치가, 우장춘의 아버지 (1857–1903)"
Q11264690,유일한,m,19000101,19710311,"한국의 독립운동가, 대한민국의 기업인, 유한양행 창업주 (1895–1971)"
Q11264742,유진오,m,19300101,19870830,"대한민국의 정치인, 소설가, 법학자 (1906–1987)"
Q11266025,이상훈,m,19800305,,대한민국의 바둑 기사 (1973년생)
Q11266137,이순자,f,19310118,,대한민국의 11-12대 대통령 영부인
Q11266154,이순철,m,19920325,,"대한민국의 야구인, 야구해설가"
Q11266309,이어령,m,19331015,20220226,대한민국의 저술가이자 대학 교수 (1933–2022)
Q11266353,이영훈,m,19570101,,"친일파, 뉴라이트, 경제학자"
Q11266500,이윤우,m,19490710,,South Korean businessperson
Q11266502,이윤형,f,19680623,20051118,기업가 이건희의 자녀
Q11267083,이희호,f,19240106,20190610,대한민국 제 15대 대통령 김대중의 영부인이자 여성운동가 (1922–2019)
Q11267981,임종국,m,19000203,19891112,"대한민국의 역사학자, 문학평론가 (1929–1989)"
Q11270980,조동화,m,19830727,,South Korean professional baseball player
Q11274270,최시형,m,18640804,18980602,"조선 말기의 종교인, 교육자, 사상가 (1827–1898)"
Q11285292,함병춘,m,18721022,19831009,South Korean diplomat
Q11286019,허준호,m,19240508,,대한민국의 배우
Q11286457,현정은,f,19480914,,"대한민국의 기업인, 現 현대그룹 회장"
Q11287136,홍기,f,19190716,20040720,대한민국 제10대 영부인 (1916–2004)
Q11287830,이은주,f,19820525,,대한민국 여배우
Q11287831,이은실,f,19820525,,South Korean actress
Q11287837,황재균,m,19601117,,대한민국의 방송인
Q11317852,최원영,m,19800131,,대한민국의 배우
Q11343022,민준호,m,19370816,,South Korean actor
Q11346187,영민,m,19950424,,South Korean singer and actor
Q113840,프란체스카 도너,f,19000615,19920319,대한민국의 1대.2대.3대 영부인 (1900–1992)
Q11458090,Tomoe Terakoshi,f,19490921,20240225,"Japanese woman, families of victims abducted by North Korea"
Q11477158,최선애,f,19300924,,대한민국의 피아노 연주자
Q11477170,최창화,m,19600101,19950208,South Korean pastor
Q11477175,최규병,m,19990901,,대한민국의 바둑 기사
Q11477189,최영,m,19800603,,대한민국의 종합격투기 선수
Q11485240,윤다훈,m,19871027,,한국의 배우
Q11485471,노리코 히로하시,f,19011104,19850825,일본 공주
Q11499920,문효진,m,19200106,20080317,대한민국의 음악가 (1962-2008)
Q11521580,박형진,m,19870301,,대한민국의 축구 선수
Q11521602,박태원,m,19200108,19860710,North Korean writer (1909-1986)
Q11556492,홍난숙,f,19621203,,American writer
Q11576213,윤학자,f,19090613,19681031,대한민국의 교육인
Q11578233,Hiromi Machiyama,f,19620705,,Japanese broadcast writer
Q11578234,마치야마 도모히로,m,19641209,,Japanese film critic
Q11598714,다케나카 에미코,f,19261025,20250701,"Japanese economist, researchers of gender studies"
Q11629173,최현주,f,19710912,,대한민국 여배우
Q11644701,신동주 (기업인),m,19211103,,대한민국의 기업인
Q11646457,김광호,m,19870226,,재일 한국인 축구 선수
Q11646612,김재구,m,19170527,20211220,대한민국의 바둑 기사 (1938–2021)
Q11647774,김수장,m,19440328,,대한민국의 바둑 기사
Q11656104,마리 세키네,f,19831116,,Japanese talent
Q11661322,Satoki Aoyama,m,19420101,,Japanese oboe player
Q11663968,한승원,m,19701127,,대한민국의 소설가
Q11664077,한홍구,m,19251029,,"대한민국의 역사학자, 사회운동가"
Q11677732,황대준,m,19891220,,재일 한국인 축구 선수
Q11682535,이채원,f,19911217,,대한민국 여배우
Q11739237,김혜성,f,19930309,,North Korean athletics competitor
Q11739251,김수지,f,19880831,,대한민국의 배구 선수
Q1174767,데이비드 호바스,m,19760608,,미국의 일러스트레이터
Q1186566,현상윤,m,19140211,19500915,"Korean philosopher, former president of the Korea University (1893–1950)"
Q11880945,Maris Gothóni,m,19610714,,Finnish poet
Q1195195,천둥,m,19841112,,"대한민국의 가수, 배우"
Q121345032,박상관,m,19981206,,South Korean basketball coach and player
Q12183626,문숙공주,f,13000101,,조선 도조의 왕녀
Q12183627,문혜공주,f,13000101,,조선 도조의 왕녀
Q12183628,문의공주,f,13000101,,조선 도조의 왕녀
Q122138336,전병철,m,19590101,,인제대학교 교수
Q122138472,백진경,f,19260927,,인제대학교 교수
Q122138480,백도형,m,19260927,,숭실대학교 교수
Q122367691,이유미,f,19580121,,김부겸의 부인
Q122394708,이병영,f,18980210,,
Q122394710,조남숙,f,19170327,19670504,역사학자 이병도의 부인
Q122394711,민헌기,m,19310909,20210306,대한민국의 의사
Q122394747,이운경,f,18960101,,Korean (1931 - ?)
Q122394748,이순경,f,19170101,20220818,South Korean woman (1920 - 2022)
Q122609224,한태준,m,19860722,,"인천대학교 교수, 한국 겐트대학교 글로벌캠퍼스 총장"
Q122626021,정규수,m,19480101,,대한민국의 물리학자
Q122641233,최홍라,f,19960123,,South Korean cheerleader
Q122762400,송휴섭,m,19530216,,대한민국의 재료과학자
Q122766915,전항섭,m,19590114,,대한민국의 조각가
Q122766931,김명리,f,19600619,,대한민국의 시인
Q122780589,정혜신,f,19561222,,researcher
Q122848233,유효숙,f,19060513,,
Q122848289,유충숙,f,19221011,,
Q122928283,김수선,m,19620308,,대한민국의 물리학자
Q122945769,Hannah Bahng,f,19971003,,Australian singer and online influencer
Q122945788,김영식,f,19450210,,Minhwa artist
Q123156764,배은심,f,19660829,20220109,
Q123157088,조원,m,19650406,,
Q123157247,박상훈,m,19701207,,대한민국의 촬영 감독
Q123157387,강희제,m,19900205,,South Korean actor
Q123241670,육성철,m,20050718,,South Korean reporter and civil servant
Q123999836,김호기,m,19181025,,"한국과학기술원 교수, 한무숙문학관 관장"
Q123999841,곽승준,m,19590220,,대한민국의 경제학자
Q123999851,곽삼영,m,19590220,,
Q124039356,김홍조,m,19271220,,
Q124039365,김택환,m,19010719,20021026,
Q124328296,백남일,m,18960101,,
Q124458399,이정은,f,20091023,,대한민국의 바둑 기사
Q124458412,이나현,f,20070821,,대한민국의 바둑 기사
Q124512816,박영요,m,19520611,,대한민국의 의사
Q124512848,하숙정,f,19520611,20180522,대한민국의 요리 연구가
Q124709161,문흥모,m,19450303,,South Korean (1920 -
Q124961755,김나경,f,19980927,,대한민국의 가수 (2002년 출생)
Q124962310,박부련,f,19271220,,
Q124962367,안성녀,f,18620506,19540408,
Q125121411,박세기,m,19740529,,대한민국의 축구 선수
Q125173153,오준성,m,19770413,,대한민국의 탁구 선수
Q125251562,Daniel K,m,19911120,,former engineer
Q125449658,곽상언,m,19750101,,"대한민국의 변호사, 국회의원"
Q125473654,강희세,m,19900205,,대한민국 배우
Q125487412,Joana Pak,f,19831221,,wife of Steven Yeun
Q12582730,강광회,m,19931019,,South Korean baseball player and umpire (1968-)
Q12582779,강도한,m,19870826,,South Korean actor
Q12582936,강성종 (1966년),m,19290101,,South Korean politician
Q12582983,강예솔,f,19820406,,대한민국의 배우
Q12583048,강윤성,m,13560622,,Father of Goryeo royalty (fl. 14th century)
Q12583172,강홍식,m,19110402,19711009,"조선민주주의인민공화국의 영화인, 가수 (1902–1971)"
Q12583245,개성후,m,11000101,10620828,Korean prince
Q12583601,경녕군,m,13670524,14580101,prince of Joseon (1395 - 1458)
Q12583609,경덕궁주,f,11270530,,
Q12583773,경순공주,f,13670524,14070816,조선 태조의 왕녀
Q12583779,경안공주,f,13670524,14150101,조선 태종과 원경왕후의 자녀
Q12583807,경원공,m,11810621,,"고려의 왕족, 희종의 셋째아들"
Q12583935,경화궁부인,f,09250101,,princess of Goryeo
Q12584207,고명환,m,19730227,,대한민국의 희극인 출신 배우
Q12584230,고복수,m,19580101,19720210,대한민국의 가수 (1911–1972)
Q12584306,고승덕,m,19270101,,South Korean politician
Q12584350,고영우,m,19910916,,South Korean baseball player (1990-)
Q12584419,고지용,m,19800101,,South Korean singer
Q12584842,곽낙원,f,19220921,19390101,Korean independence activist and mother of Kim Gu (1859–1939)
Q12584850,곽배희,f,19440101,,South Korean sociologist
Q12584872,곽윤상,m,19760204,,대한민국의 성우
Q12585346,구광모,m,19490326,,대한민국의 기업인
Q12585524,구자경 (기업인),m,19450210,20191214,"대한민국의 기업인, 락희화학공업사(現 LG화학) 창업주 (1925-2019)"
Q12585561,구태회,m,19461211,20160507,"대한민국의 기업인, LS전선 명예회장"
Q12585567,구평회,m,19280912,20121020,범LG가
Q12585923,국혜정,f,19390131,,대한민국의 아나운서
Q12586076,권해성,m,19771023,,"대한민국의 배우, 대학 교수"
Q12586158,권진규,m,19270101,19730504,대한민국의 조각가 (1922–1973)
Q12586510,금수현,m,19470925,19920831,South Korean singer
Q12586567,금진호,m,19370101,20240821,대한민국의 정치인 (1932–2024)
Q12586588,금평군 (이의생),m,13570709,,
Q12586767,기철,m,12660101,13560101,고려 후기의 문신
Q12586843,길정우,m,19540831,,South Korean politician
Q12586858,김가은,f,19850907,,대한민국의 배우 (1989년 1월)
Q12586861,김가진,m,19000101,19220704,조선 말기의 문신
Q12586907,김경민 (1955년),m,19180515,,South Korean journalist
Q12586929,김경중,m,18960825,19450427,조선의 문신
Q12586961,김광균,m,19420101,19931123,대한민국의 시인 (1914–1993)
Q12586991,김교신,m,19070101,19320101,"Joseon nobleman, pro-Japanese collaborator (1871 - 1932)"
Q12587068,김기중,m,18911011,19330101,대한제국과 일제강점기의 교육인·육영사업가
Q12587113,김남조,f,19280724,20231010,대한민국의 시인 (1927–2023)
Q12587187,김돈중,m,10750101,11700101,Goryeo civil servant & eunuch (? ~ 1170)
Q12587262,김동현,m,19540915,,"대한민국의 영화배우, 연기자"
Q12587265,김동현,m,19701003,,대한민국의 래퍼
Q12587304,김리나 (1942년),f,19510407,,South Korean academic
Q12587305,김리회,f,19820722,,South Korean ballet dancer
Q12587345,김명자,f,19430101,,South Korean politician and scientist
Q12587372,김문희,f,19050729,,대한민국 학교법인 용문학원 이사장 (1928–2025)
Q12587400,김똥,m,19560101,,대한민국의 정치인
Q12587423,김민지,f,19810225,,대한민국의 아나운서 (1985년 출생)
Q12587472,김병로,m,19130101,19640113,대한민국의 독립운동가 (1887–1964)
Q12587534,김부겸,m,19870118,,"대한민국의 정치인, 행정안전부 장관"
Q12587539,김부일,m,10750101,11320101,"고려의 문신, 김부식의 둘째 형"
Q12587612,김상현,m,19670913,20180418,대한민국의 정치인 (1935–2018)
Q12587691,김성갑,m,19880409,,South Korean baseball player (1962-)
Q12587695,김성곤,m,19140101,,대한민국의 정치인 (1952년생)
Q12587708,김성동 (1954년),m,19280820,,대한민국의 정치인
Q12587796,김세배,m,19550801,20140803,대한민국의 법조인 (1931–2014)
Q12587806,김세중,m,19270925,19860624,대한민국의 조각가 (1928–1986)
Q12587821,김소진,m,19640207,19970422,South Korean journalist (1963-1997)
Q12587863,김수한,m,19541026,20241230,대한민국의 정치인 (1928–2024)
Q12587869,김수희,f,19801224,,대한민국의 가수
Q12587913,김승환,m,19800206,,대한민국의 탁구 선수
Q12587932,김신,m,18760829,20160519,"대한민국의 군인 출신, 정치인 (1922–2016)"
Q12587936,김신석,m,19240625,19480912,"일제 강점기의 기업인, 정치인 (1896–1948)"
Q12587958,김어준,m,19680101,,대한민국의 언론인
Q12587966,김연수,m,19200420,19791204,대한민국의 기업인
Q12587988,김영나,f,19420130,,
Q12588035,김영세 (1950년),m,19840914,,대한민국의 산업 디자이너
Q12588041,김영수 (1935년),m,19760626,20240802,대한민국의 언론인 (1935–2024)
Q12588056,김영욱,m,18980101,20051201,대한민국의 사회 운동가 (1923–2005)
Q12588105,김영한,m,19350311,19800101,일제강점기의 교육자 (1900–1980)
Q12588113,김영환,m,18880918,19540304,"대한민국의 군인, 정치인"
Q12588172,김용림,f,19701231,,대한민국의 배우 및 성우
Q12588209,김용주,m,19281013,19850127,일제 강점기와 대한민국의 기업인 (1905–1985)
Q12588246,김우영 (1886년),m,19290620,19580416,South Korean lawyer (1886 – 1958)
Q12588365,김응수,m,19980829,,대한민국의 배우
Q12588400,김인득,m,19370101,19970710,"대한민국의 기업가, 벽산그룹 창업주"
Q12588422,김인태 (배우),m,19700220,20180912,대한민국의 배우 (1936–2018)
Q12588463,김재경 (가수),f,19940715,,걸그룹 레인보우 출신이자 배우
Q12588486,김재열,m,19390101,,대한민국의 기업인
Q12588541,김정록,m,18710101,19820101,대한민국의 미학자 (1907–1982)
Q12588577,김정준,m,19421203,,대한민국의 야구인 / 김성근의 아버지
Q12588578,김정주,m,19370105,20220228,"대한민국의 기업가, 넥슨 창업주 (1968–2022)"
Q12588583,김정태,m,19230529,19500701,대한민국의 독립운동가
Q12588638,김조이,f,18990925,,"사회주의 운동가, 조봉암의 부인"
Q12588648,김종남,m,18430101,,가야금의 명인
Q12588656,김종량,m,19140220,,전 한양대 총장
Q12588692,김종진,m,19691022,,대한민국의 가수
Q12588765,김준원 (1888년),m,19170929,19690101,
Q12588789,김지민,f,19751225,,대한민국의 코미디언
Q12588796,김지숙,f,19830716,,1990년
Q12588811,김지연,f,19720217,,대한민국의 배우
Q12588836,김진,m,19220921,,대한민국의 기업가
Q12588840,김진 (1980년),f,19861010,,대한민국의 웹툰 작가
Q12588854,김진민,m,19720624,,대한민국의 드라마 연출가 (1972년 출생)
Q12588862,김진수,m,19750610,,대한민국의 배우
Q12588865,김진애,f,19520101,,South Korean politician
Q12588946,김창환,m,20000101,,대한민국의 작곡가
Q12589040,김태우,m,19750526,,대한민국의 배우
Q12589044,김태욱,m,19680625,,대한민국의 가수
Q12589061,김태한 (뮤지컬 배우),m,19740907,,대한민국의 배우
Q12589081,김택진,m,19751226,,대한민국의 기업인
Q12589148,김학철,m,19550213,,대한민국의 배우
Q12589236,김현욱 (정치인),m,19120101,,대한민국의 정치인 (1939–2024)
Q12589246,김현철 (1959년),m,19271220,,South Korean politician (1959-)
Q12589306,김호길,m,19391003,19940430,대한민국의 물리학자 (1933–1994)
Q12589318,김호진,m,19740722,,대한민국의 배우
Q12589320,김홍걸,m,19240106,,대한민국의 정치인
Q12589329,김홍업,m,19240106,20250924,대한민국의 정치인 (1950–2025)
Q12589333,김홍일,m,19240106,20190420,대한민국의 정치인 (1948-2019)
Q12589360,김효,f,19570413,,
Q12589492,나경석,m,18960418,19591231,South Korean businessperson
Q12589495,나경은,f,19720814,,South Korean television presenter
Q12589581,나성용,m,19891003,,South Korean baseball player (1988-)
Q12589753,남경민,f,19641230,,대한민국의 배우
Q12589992,남은,m,13510101,13981014,고려 말기 및 조선 초기의 문신
Q12590006,남일우,m,19400303,20240331,대한민국의 배우 (1938–2024)
Q12590047,남진우,m,19630112,,대한민국의 시인
Q12590302,노건평,m,19460901,,대한민국의 기업인
Q12590399,노승환,m,19570803,20140524,South Korean politician
Q12590406,노영심,f,19670128,,대한민국의 피아노 연주자
Q12590416,노웅래,m,19270905,,대한민국의 기자 출신 정치인
Q12590443,노재헌,m,19350311,,대한민국의 변호사
Q12591493,대명궁부인,f,09551114,,noblewoman; Royal consort of Goryeo
Q12592850,덕천군,m,13570709,14650101,조선 정종의 왕자
Q12593111,도평군 (왕족),,13570709,,
Q12593129,독고성,m,19531213,20040410,대한민국의 배우 (1929–2004)
Q12593132,독고준,m,19531213,,대한민국의 배우
Q12593425,동산원부인,f,08770204,,고려 태조의 제17비
Q12593614,동현배,m,19880518,,대한민국의 배우
Q12594295,류승주,f,19810619,,South Korean musical theatre actress
Q12594317,류진,m,19230101,,대한민국의 기업인
Q12594913,매드클라운,m,19861224,,대한민국의 래퍼
Q12595703,문동환,m,19180602,20190309,"대한민국의 종교인, 사회운동가 (1921–2019)"
Q12595795,문정숙,f,19311006,20000301,대한민국의 배우 (1927–2000)
Q12595813,문창모,m,19290101,20020313,South Korean politician (1907-2002)
Q12595851,문호근,m,19530528,20010517,South Korean pianist
Q12595907,문희상,m,19711005,,대한민국의 제20대 후반기 국회의장
Q12596179,민개,m,13390101,13960101,Goryeo & Joseon civil servant (1360 - 1396)
Q12596201,민무구,m,13650719,,조선 초기의 무신
Q12596202,민무질,m,13650719,,조선 초기의 무신
Q12596204,민변,m,13600101,13770101,고려 시대의 문신
Q12596206,민무회,m,13650719,,조선 전기의 문신
Q12596226,민사평,m,12700101,,고려의 문신
Q12596272,민제,m,13650719,14080101,고려 말기와 조선 초기의 문신
Q12596301,민종유,m,12700101,13240101,고려의 문신
Q12596321,민지환,m,19680512,,대한민국의 배우
Q12596521,박구윤,m,19501201,,대한민국의 음악가
Q12596572,박남정,m,20010801,,"대한민국의 가수, 배우"
Q12596610,박두병,m,18640622,19730804,"대한민국의 기업가, 두산의 창업주 (1910–1973)"
Q12596616,박두을,f,19100212,20000103,삼성그룹 이병철의 배우자 (1907–2000)
Q12596619,박마리아,f,18961220,19600428,South Korean politician
Q12596685,박부양,m,19240820,19740420,일제 강점기의 친일반민족행위자
Q12596724,윤상훈,m,19400607,,대한민국의 가수
Q12596733,박석윤,m,18960101,19501020,일제강점기의 친일반민족행위자 (1898–1950)
Q12596800,박순석,m,20000101,19920227,South Korean politician
Q12596829,박승직,m,19101006,19501220,"대한민국의 기업가, 두산그룹의 창업주"
Q12597350,박화성,f,19390101,19880130,대한민국의 소설가 (1904–1988)
Q12597420,반야 (고려),f,13640101,13760301,concubine of king Gongmin of Goryeo
Q12597529,방상훈,m,19221126,,"대한민국의 기업인, 조선일보 대표이사"
Q12597562,방우영,m,19221126,20160508,대한민국의 언론인 (1928–2016)
Q12597567,방응모,m,19440101,19500928,"일제강점기의 교육자, 언론인, 법조인, 기업인"
Q12597571,방재선,m,18830929,,방응모 기념사업회 이사장
Q12597573,방정오,m,19480206,,TV조선 대표이사 전무
Q12597615,배다해,f,19810830,,대한민국의 가수
Q12597726,백낙승,m,19320720,19561012,"대한민국의 기업인, 백남준의 아버지"
Q12597730,백낙환,m,19380110,20181207,South Korean doctor (1926-2018)
Q12597820,백승호,m,19560101,,대한민국의 축구 선수
Q12597876,백인제,m,19100219,19500720,대한민국의 의학자 (1899–1950)
Q12598177,변동림,f,19100820,20040229,"대한민국의 화가, 수필가 (1916–2004)"
Q12598212,변중량,m,13690101,13980101,고려 말 조선 초의 문신
Q12600889,서두수 (교수),m,19360422,19941114,
Q12601458,서정희,f,19560318,,"대한민국의 방송인, 배우, 작가"
Q12601473,서지승,f,19820703,,대한민국의 배우이자 모델
Q12601583,석보군,m,13570709,,
Q12601620,석주선,f,19081113,19960303,대한민국의 학자 (1911–1996)
Q12601730,선우중호,m,19180217,,
Q12601874,성금연,f,19090101,19870101,South Korean musician
Q12601876,성기선,m,19670101,,South Korean conductor
Q12601878,성기완,m,19680101,,South Korean singer and poet
Q12601920,성녕대군,m,13670524,14180101,조선 태종와 원경 왕후의 자녀 (1405–1418)
Q12602380,션,m,19731214,,대한민국의 가수
Q12602626,소현,m,10250101,,
Q12602743,손정민,f,19800326,,대한민국의 배우
Q12602751,손주은,m,19650101,,South Korean trade unionist
Q12602760,손지창,m,19711027,,"대한민국의 배우, 가수, 사업가"
Q12602770,손창호,m,19821229,19980805,"대한민국의 영화 배우, 영화감독 (1952–1998)"
Q12602895,송병준 (방송인),m,19590101,,South Korean composer
Q12602952,송영창,m,19600206,,대한민국의 배우
Q12602985,송재희 (1979년),m,19860607,,대한민국의 배우
Q12603127,수도군,,13570709,,조선의 정종 제2대 국왕의 7남이자 왕자
Q12603484,순평군,m,13570709,14560830,조선 정종의 왕자 (1392–1456)
Q12604087,신경현,m,20010612,,South Korean baseball player (1975-)
Q12604156,신대철,m,19381104,,South Korean musician
Q12604162,신덕왕후,f,13351019,13960821,조선 태조의 왕비
Q12604190,신동엽 (시인),m,19350626,19690407,대한민국의 시인 (1930–1969)
Q12604197,신동욱,m,19540630,,대한민국의 정치인
Q12604339,신석철,m,19381104,,대한민국의 음악가
Q12604506,신윤철,m,19381104,,South Korean musician
Q12604585,신직수,m,19530221,20010909,대한민국의 군인 출신 정치가 (1927–2001)
Q12604595,신창석,m,19990111,,대한민국의 방송 프로듀서
Q12604649,신춘호,m,19211103,20210327,"대한민국의 기업인, 농심 창업주 (1930–2021)"
Q12604653,신치용,m,19850624,,South Korean volleyball player
Q12604738,신혜인,f,19850725,,South Korean basketball player (born 1985)
Q12604838,심규섭,m,19610320,20020127,대한민국의 정치인
Q12604869,심신,m,20040320,,대한민국의 가수
Q12604953,심화진,f,19580906,,South Korean professor and university president
Q12605541,안경희,f,19681014,20010714,South Korean journalist
Q12605549,안공근,m,19070101,19390530,한국의 독립운동가 (1889–1939)
Q12605556,안국선,m,19091115,19260708,"구한 말기, 일제강점기의 작가, 관료 (1878–1926)"
Q12605642,안명옥 (1954년),f,19550204,,South Korean politician and physician
Q12605888,안혜경,f,19790101,,South Korean television meteorologist and actress
Q12606356,양재선,f,19710220,,대한민국의 작사가
Q12606380,양정모,m,19470101,20090329,"대한민국의 기업인, 전 국제그룹 회장"
Q12606391,양정진,f,19571002,,"대한민국의 컴퓨터공학자, 교수"
Q12606468,양헌왕 (고려),m,10830101,10990101,Prince
Q12606494,양희은,f,19541203,,대한민국의 가수
Q12606652,엄현경,f,19910415,,대한민국의 여자 배우
Q12606730,에이미,f,19590101,,한국계 미국인 연예인
Q12607641,예수정,f,19270415,,대한민국의 배우
Q12607690,예화부인,f,08770204,,Royal consort of Goryeo
Q12607850,오병철,m,19630131,20051030,대한민국의 영화 감독
Q12607934,오숙근,f,19180515,19580101,김좌진의 배우자
Q12607942,오승근 (가수),m,19511011,,대한민국의 가수
Q12607979,오영선,m,18950101,19390101,일제강점기의 독립운동가 (1886–1939)
Q12608001,오유진,f,19760614,,대한민국의 배우 (1981년 출생)
Q12608049,오정아,f,19870823,,대한민국의 바둑 기사
Q12608070,오지혜,f,19440722,,대한민국의 배우
Q12608074,오지호 (화가),m,19390101,19821225,South Korean painter
Q12608143,오현경,m,19440722,,대한민국의 배우 (1936–2024)
Q12608235,온녕군,m,13670524,14540101,조선의 왕족 (1407 – 1454)
Q12608407,완천군 (1373년),m,13480101,14060101,Joseon official & scholar (1373-1406)
Q12608484,왕지원,f,19581023,,South Korean actress and ballet dancer
Q126085540,수잔 엘더,f,19850527,,
Q12609274,원덕상,m,18690820,19610315,Korean (1883 - 1961)
Q12609300,원석연 (화가),m,19290101,20031105,South Korean painter
Q12609328,원응상,m,18831107,19580820,Korean (1869 - 1958)
Q12609329,원은상,m,18831107,,Korean Empire soldier (1874 - ?)
Q12609426,원훈상,m,18831107,,Korean (1881 - ?)
Q12609551,위기철,m,19630131,,작가
Q12609690,유기준,m,19610617,,South Korean politician
Q12609695,유남희,f,19580402,,South Korean voice actress
Q12609776,유민상 (야구 선수),m,19860617,,대한민국의 야구 선수
Q12609794,유병진,m,19220220,,South Korean economist
Q12609867,유승민,m,19311216,,국민의힘 당원
Q12610079,유한열,m,19051018,,South Korean politician
Q12610164,육인순,f,19251129,19720101,대한민국의 교육인
Q12610168,육종관,m,19251129,19651226,육영수의 아버지
Q12610212,윤도현,m,19710101,,대한민국의 음악가
Q12610215,윤동구 (1952년),m,19110421,,South Korean painter (born 1952)
Q12610256,윤복희,f,19460927,,"가수, 작사가"
Q12610262,윤봉춘,m,19440722,19751021,대한민국의 영화 감독
Q12610274,윤상구 (1949년),m,19110421,,"대한민국의 기업인, 사회 사업가 (1949–2025)"
Q12610322,윤세웅,m,19400501,,대한민국의 성우
Q12610323,윤세인,f,19580121,,대한민국의 배우
Q12610328,윤소정,f,19020323,20170616,대한민국의 배우 (1944–2017)
Q12610329,윤송이,f,19670314,,대한민국의 기업인
Q12610338,윤승선,m,18961005,19660720,
Q12610401,윤인구 (1972년),m,19440109,,South Korean television presenter
Q12610403,윤일봉,m,19780321,20251208,대한민국의 영화배우 (1934–2025)
Q12610411,윤장선,m,19580306,20040325,(1920-2004)
Q12610421,윤정구 (1927년),m,18981117,20181118,South Korean fisher and businessperson (1927-2018)
Q12610447,윤준호,m,19340301,,대한민국의 영화 배우
Q12610476,윤취동,m,18400417,18631221,조선시대 후기의 문신
Q12610478,윤치명,m,18980210,19440101,대한제국 말기의 관료 겸 교육자
Q12610479,윤치병,m,18980210,19400101,구한말의 군인
Q12610481,윤치소,m,18980210,19440220,"구한말 정치인, 조선총독부 간부"
Q12610504,윤택선,m,18970826,19980406,politician
Q12610509,윤학길,m,19930124,,대한민국의 야구인
Q12610537,윤회 (조선),m,13450101,14360101,Goryeo and Joseon Confucian scholar (1380 - 1436)
Q12610594,은원재,m,19961125,,South Korean actor
Q12610712,의령옹주,f,13600101,14660210,조선 태조의 왕녀
Q12610810,의평군,m,13570709,14610813,조선 정종의 왕자
Q12610831,이갑성,m,19170323,19810325,"대한민국의 독립운동가, 정치가 (1889–1981)"
Q12610845,이강백,m,19551026,,대한민국의 극작가 (1947-)
Q12610846,이강석,m,18961220,19600428,대한민국의 군인 (1937–1960)
Q12610869,이건무,m,19170327,,South Korean writer
Q12610901,이경숙,f,19500204,,대한민국의 정치인
Q12610944,이곤 (1919년),m,18770330,19840101,사동궁 종주 · 의친왕의 아들
Q12610950,이관술,m,19120101,19500703,한국의 독립운동가 (1900–1950)
Q12611009,이규광,m,19111107,20120920,"대한민국의 군인, 정치가"
Q12611012,이규동,m,19390101,20010911,"대한민국의 군인, 대한노인회 회장"
Q12611089,이기문,m,19040101,20200219,대한민국의 언어학자 (1930-2020)
Q12611257,이동준,m,19780318,,South Korean basketball player (born 1980)
Q12611319,이린,m,11210101,,
Q12611345,이맹희,m,19100212,20150814,대한민국의 기업가 (1931–2015)
Q12611389,이명희,f,20020123,,신세계그룹 회장
Q12611404,이묵원,m,19410208,,대한민국의 배우
Q12611423,이미경,f,19310620,,"기업인, CJ&ENM"
Q12611431,이미영,f,19860322,,대한민국의 배우
Q12611434,이미옥,f,19720203,,대한민국 여배우
Q12611449,이민자,f,19220406,19860119,대한민국의 배우 (1929–1986)
Q12611496,이범준 (1933년),f,19320209,20110714,대한민국의 정치학자 (1933–2011)
Q12611579,이봉원,m,19670310,,대한민국의 희극 배우
Q12611590,이부진,f,19680623,,대한민국의 기업인
Q12611637,이상민,m,19711222,,"대한민국의 가수, 작사가, 방송인"
Q12611683,이상훈,m,19830101,,대한민국의 바둑 기사 (1975년생)
Q12611701,이서현,f,19680623,,기업인
Q12611703,이석 (고려),m,10380101,,Goryeo dynasty official
Q12611818,이세창,m,19780301,,"대한민국의 가수, 배우"
Q12611911,이승신,f,19621219,,대한민국 여배우
Q12611977,이아주,f,18911011,19680911,대한민국의 독립운동가
Q12611996,이양구,m,19560215,19891018,South Korean businessperson
Q12611999,이양무,m,12500101,12310101,고려의 장군 (?~1231년)
Q12612052,이영범,m,19641130,,South Korean actor
Q12612075,이영은,m,19680903,,"대한민국의 배우, 영화감독"
Q12612098,이영하,m,19591224,,대한민국의 배우
Q12612110,이예춘,m,19520508,19771123,대한민국의 배우 (1919–1977)
Q12612144,리용,m,18591218,19540818,조선민주주의인민공화국의 독립운동가
Q12612192,이용희,m,18891023,19971204,"대한민국의 정치학자, 미술사학자"
Q12612229,이원기,m,18780101,19420101,독립운동가
Q12612298,이유진 (농구 선수),f,19570908,,South Korean basketball player (born 1990)
Q12612345,이은혜,f,18980210,19800823,대한민국의 정치인 (1906–1980)
Q12612362,이이경,m,19570210,,대한민국의 배우
Q12612399,이인수 (정치학자),m,19000615,,대한민국의 정치학자 (1931–2023)
Q12612419,이자량,m,10500101,,
Q12612423,이자연 (고려),m,10380101,,고려의 문신
Q12612424,이자의,m,10250101,,고려의 문신 (?-1095)
Q12612445,이장호,m,19510101,,영화 감독
Q12612463,이재명,m,19660912,,대한민국의 제21대 대통령
Q12612473,이재선,m,18520908,,politician
Q12612480,이재영 (1975년),m,19700204,,South Korean politician
Q12612502,이재준,m,19380709,19951129,"대한민국의 기업가, 부림상회의 창업주"
Q12612507,이재철,m,19460216,,대한민국의 전 개신교 목사
Q12612531,이재희,f,19180515,19870101,
Q12612541,이정 (고려 전기),m,10380101,,
Q12612563,이정민,f,19770728,,대한민국의 아나운서 (1980년 출생)
Q12612573,이정식 (1931년),m,19571002,20101128,South Korean politician (1931-2010)
Q12612576,이정열 (1969년),m,19960502,,South Korean singer
Q12612583,이정은,f,19701013,,대한민국의 배우 (1973년 출생)
Q12612620,이조년,m,13120101,13430101,Goryeo civil servant (1269 - 1343)
Q12612629,이종구,m,19250120,,대한민국의 정치인
Q12612742,이준용,m,19170730,,"대한민국의 기업인, 대림그룹 명예회장"
Q12612763,이중재,m,19500922,20081218,대한민국의 정치인 (1925–2008)
Q12612821,이진완,m,18700625,19970101,
Q12612827,이진우,m,19660203,,대한민국의 배우
Q12612841,이찬갑,m,19241021,19740101,
Q12612843,이찬,m,19760206,,대한민국의 배우
Q12612881,이창희,m,19100212,19910719,대한민국의 기업인 (1933–1991)
Q12612902,이천우 (조선 초기),m,13300101,14170101,member of Joseon royal family ( 1354-1417)
Q12612933,이춘녕,m,19470919,20160731,South Korean chemist
Q12612970,이태령,m,18960101,20190306,
Q12613036,이하정,f,19701001,,대한민국의 프리랜서 아나운서
Q12613069,이해경,f,18770330,,의친왕·의친왕비의 딸
Q12613186,이혜원,f,19760127,,"대한민국의 모델, 기업인"
Q12613188,이혜정,f,19330528,,대한민국의 요리연구가
Q12613410,인요한,m,19261207,,"국민의힘 1대 혁신위원장, 대한민국 최초의 백인 정치인 및 의사"
Q12613422,인정식,m,19350626,,North Korean economist
Q12613423,인정옥,f,19681204,,South Korean screenwriter
Q12613751,안명준,m,19270405,,대한민국의 신학자
Q12613795,임기영,m,19890604,,South Korean baseball player
Q12613810,임동진,m,19800611,,대한민국의 배우
Q12613819,임문호,m,19291026,19720814,한국의 천도교 지도자 (1900–1972)
Q12613825,임백천,m,19660628,,"South Korean singer, MC and actor"
Q12613853,임성군,m,13570709,,조선 정종과 숙의 지씨의 서자
Q12613866,임세령,f,19680623,,"대한민국의 기업인, 대상 전무"
Q12613890,임언군,m,13570709,14320101,member Joseon royal family (1399 – 1450)
Q12613912,임유진 (1981년),f,19741009,,대한민국의 배우 겸 가수
Q12613979,임채무,m,19560214,,대한민국의 배우
Q12613983,임채원,f,19711227,,대한민국의 배우
Q12614364,장기빈,m,19010403,19590724,South Korean poet (1874 - 1959)
Q12614470,장발 (화가),m,18780909,20010408,일제강점기의 화가 (1901–2001)
Q12614474,장병혜,f,18931022,,"대한민국의 교육학자, 장택상의 딸"
Q12614533,장성원,m,19810318,,대한민국 배우
Q12614574,장승원,m,18931022,19171110,"조선 후기의 문신, 대한제국의 관료, 친일부호 (1852–1917)"
Q12614608,장영순,m,19520117,19950101,South Korean politician
Q12614610,장영신,f,19700709,,"대한민국의 기업가, 정치인, 애경그룹 회장"
Q12614665,장재식,m,19631007,,대한민국의 정치인 (1935–2026)
Q12614683,장제원,m,19321102,20250331,국민의힘 국회의원
Q12614710,장진 (1927년),m,19331120,20110930,South Korean biologist
Q12614729,장천군 (왕족),m,13570709,,
Q12614742,장충식,m,18890118,,대한민국의 교육인 (1932–2026)
Q12614771,장하진,f,19530919,,South Korean sociologist (1951-)
Q12614774,장항선,m,19821221,,대한민국의 배우
Q12614782,장현 (1956년),m,19610421,19900816,대한민국의 가수 (1956–1990)
Q12614963,전경환,m,19310118,20211021,"대한민국의 군인 겸 정치인, 사회기관단체인 / 전두환의 동생 (1942–2021)"
Q12615050,전길남,m,19481025,,대한민국의 컴퓨터 과학자
Q12615117,전락원,m,19190315,20041103,South Korean businessperson
Q12615140,전미애,f,19550826,,대한민국 여자 농구 국가대표팀 선수
Q12615204,전숙희,f,19270516,20100801,South Korean writer
Q12615206,전순옥,f,19480826,,대한민국의 제19대 국회의원
Q12615271,전재국,m,19310118,,대한민국의 군인 출신 기업가
Q12615272,전재용,m,19310118,,"대한민국의 기업인, 정치사회운동가"
Q12615382,전혜린,f,19101212,19650110,South Korean essayist
Q12615472,정광조 (1883년),m,18870101,19530101,
Q12615514,정다은,f,19761006,,대한민국의 아나운서
Q12615521,정대철,m,19710219,,대한민국의 정치인
Q12615523,정대현 (1991년),m,19970320,,South Korean baseball player
Q12615582,정몽근,m,19151125,,"대한민국의 기업인, 현대백화점그룹의 명예회장"
Q12615583,정몽우,m,19151125,19900424,"대한민국의 기업인, 범현대가 (1945–1990)"
Q12615584,정몽규,m,19280606,,대한민국의 기업인
Q12615586,정몽필,m,19730101,19820424,대한민국의 기업인
Q12615702,정석군,,13570709,14640101,
Q12615719,정선공주,f,13670524,14240101,noblewoman; Princess (1404 – 1424)
Q12615745,정세영,m,19620114,20050521,"대한민국의 기업가, 전 현대그룹 회장"
Q12615755,정수성 (야구 선수),m,19770120,,South Korean baseball player (1978-)
Q12615792,정시아,f,19780321,,대한민국의 배우
Q12615815,정애란,f,19550325,20051110,한국의 배우 (1927–2005)
Q12615816,정애연,f,19670101,,South Korean actress
Q12615825,정양완,f,19300508,,
Q12615826,정여진,f,19400303,,South Korean singer
Q12615841,정영일,m,19910128,,South Korean baseball player (1988-)
Q12615941,정인보,m,19290414,19500907,대한민국의 한학자 (1893–1950)
Q12615983,정재은,m,19430905,,대한민국의 기업인
Q12616026,정지선,m,19701018,,대한민국의 기업인
Q12616038,정진석,m,19290303,,대한민국의 언론 출신 정치가
Q12616106,정태춘,m,19570101,,대한민국의 가수
Q12616132,정해영,m,19360101,20051111,대한민국의 정치인 (1915–2005)
Q12616160,정형식,m,19881116,,야구선수 출신의 사업가
Q12616175,정호준,m,19440104,,대한민국의 정치인
Q12616189,정회열,m,20010823,,South Korean baseball player (1968-)
Q12616199,정훈희,f,19501004,,가수
Q12616346,제성호,m,19600101,,South Korean academic
Q12616590,조국,m,19620101,,"대한민국의 교수, 법학자, 정치인"
Q12616637,조동익,m,19190816,,대한민국의 싱어송라이터
Q12616661,조마리아,f,18810101,19270725,(1862-1927)
Q12616687,조배숙,f,19560101,,대한민국의 정치인이자 법조인
Q12616720,조석래,m,19060520,,대한민국의 효성그룹 제2대 회장 (1935–2024)
Q12616843,조성모,m,19521005,,대한민국의 수영 선수
Q12616878,조수훈,m,19650630,,대한민국의 스피드 스케이팅 선수
Q12616934,조온,m,13300101,14170101,
Q12616953,조우종,m,19830101,,대한민국의 아나운서
Q12616984,조윤형,m,18940521,19960202,South Korean politician
Q12617008,조인옥,m,13300101,13960101,military official (1347-1396) in the late Goreo dynasty
Q12617034,조재훈,m,19791124,20070123,대한민국의 배우 (1950–2007)
Q12617039,조정구 (1860년),m,18970101,19260101,
Q12617042,조정치,m,19801207,,"대한민국의 가수, 기타리스트"
Q12617140,조한혜정,f,19430103,,South Korean sociologist
Q12617149,조향기,f,19500301,,"대한민국의 배우, 1979년"
Q12617166,조홍제,m,19351119,19840116,"대한민국의 기업가, 효성그룹 창업주"
Q12617992,지상욱,m,19720923,,대한민국의 정치인
Q12618100,지하련,f,19081013,19600101,일제강점기의 소설가 (1912–1960)
Q12618180,진남군 (왕족),m,13570709,,
Q12618258,진선규,m,19811127,,대한민국의 배우
Q12618513,차승우,m,19510101,,대한민국의 음악가
Q12618516,차용애,f,19240106,19590625,대한민국의 15대 대통령 김대중의 첫째 부인
Q12618531,차중락,m,19510101,19681110,대한민국의 가수 (1942–1968)
Q12618537,차현우,m,19460508,,대한민국의 배우
Q12618552,찰리 박,m,19800819,20231106,"대한민국의 가수, 작사가, 색소폰 연주자, 배우 (1955–2023)"
Q12618654,창원공,m,11810621,12620101,heir Successor (wonja) of Goryeo (1197-1262)
Q12618764,채선엽,f,18980126,19870313,대한민국의 소프라노 성악가 겸 피아노 연주자 (1911–1987)
Q12618981,천추전부인,f,09250101,,noblewoman; princess of Goryeo
Q12619264,청주남원부인,f,09230101,,
Q12619282,청주원부인,f,09120101,,noblewoman; the Cheongju Kim clan
Q12619472,최광옥,m,19100101,19110101,
Q12619482,최규성,m,19530922,,대한민국의 정치인
Q12619525,최동석,m,19790323,,South Korean announcer
Q12619615,최성원,m,19860407,,South Korean singer
Q12619640,최승경,m,19720112,,대한민국의 희극 배우
Q12619791,최인규,m,19190101,,일제강점기의 영화 감독 (1911–1950)
Q12619808,최자실,f,19420610,19891106,대한민국의 개신교 목사
Q12619818,최재호 (성우),m,19850617,,대한민국의 성우
Q12619846,최종현,m,19601203,19980826,"기업인, 전 선경그룹 회장"
Q12619904,최충수,m,11490101,,고려 중기의 무신(?~?)
Q12619928,최항 (야구 선수),m,19870228,,South Korean baseball player (1994-)
Q12619929,최해식,m,19970411,,South Korean baseball player (1968-)
Q12619946,최형인,f,19460626,,대한민국 여배우
Q126207848,이기진,m,19910226,,* 16/05/1960 ; Radiophysics
Q12622440,하명중,m,19410413,,South Korean actor and director
Q12623928,한기악,m,19251029,19410620,
Q12623985,한만년,m,19590716,20040430,대한민국의 기업인 (1925–2004)
Q12623986,한말숙,f,19360531,,대한민국의 작가
Q12624043,한병기,m,19370101,20170421,"대한민국의 외교관, 기업가"
Q12624049,한복 (1914년),m,19181025,19940115,South Korean lawyer
Q12624050,한복려,f,19200705,,South Korean researcher of Korean royal court cuisine
Q12624051,한복선,f,19200705,,
Q12624054,한복진,f,19200705,,South Korean academic
Q12624092,한석명,m,19181025,20000101,
Q12624116,한성주,f,19700709,,대한민국의 모델
Q12624327,한지승,m,19680215,,대한민국의 영화 감독
Q12624372,한화갑,m,19430320,,1939-
Q12624661,해이,f,19710113,,South Korean singer
Q12624803,허규,m,18720101,19570101,Independence activist (1884 - 1957)
Q12624812,허기호,m,19240508,,대한민국의 배우
Q12624816,허동수,m,19110806,,"대한민국의 기업인, GS칼텍스 회장"
Q12624825,허발,m,18840101,19550101,한국의 독립운동가 (1872–1955)
Q12624868,허욱,m,19490314,,대한민국 배우
Q12624911,허징,m,15460101,,Joseon civil servant (1549 - ?)
Q12624994,현기봉,m,18890829,19240101,일제 강점기의 관료 (1855–1924)
Q12625077,현영학,m,19231019,20040114,South Korean historian
Q12625079,현영원,m,19281013,20061124,대한민국의 기업인 (1927–2006)
Q12625091,현준호,m,18550101,19500928,일제 강점기의 금융인 (1889–1950)
Q12625359,홍라희,f,19680623,,"기업인, 전 삼성미술관 리움 관장"
Q12625377,홍범식,m,18880101,19100101,7 Sep 1871 - certain 29 Aug 1910
Q12625419,홍숙자,f,19580906,,"South Korean diplomat, professor, feminist, and politician"
Q12625444,홍영순,f,19870430,,South Korean basketball player (born 1958)
Q12625503,홍진기,m,19491020,19860713,"대한민국의 법조 출신 정치인, 중앙일보 창간주 (1917–1986)"
Q12625538,홍혜걸,m,19650511,,South Korean journalist
Q12625541,홍혜란,f,19900318,,South Korean basketball player (born 1957)
Q12625765,황교안,m,19610101,,대한민국의 제44대 국무총리
Q12625798,황동규,m,19150326,,대한민국의 작가
Q12625854,황세옥,f,19641118,,대한민국의 가수
Q12625857,황순희,f,19150909,20200117,조선민주주의인민공화국의 정치인 (1919–2020)
Q12625928,황치신,m,13630101,14840101,조선의 문신
Q12626132,휴 린턴,m,19591208,19841020,
Q12626230,흥화궁군,m,09120101,,prince of Goryeo (?~ after 960 )
Q126683810,김혜경,f,19631208,,대한민국 제21대 대통령 영부인
Q126684135,양인영,f,19650814,,South Korean basketball player (born 1995)
Q126684243,곽규택,m,19660523,,대한민국의 정치인
Q126684247,육청명,m,19690101,,대한민국의 야구 선수
Q126684410,한명수,m,19730409,,South Korean entrepreneur
Q126743048,최은채,f,19850227,,
Q126743759,조준기,m,19850227,20130422,
Q126743763,박해선,m,19600101,,
Q126936619,권경숙,f,19220407,20240616,"조각가 권진규의 여동생, 통계학자 허명회의 어머니, 수학자 허준이의 친할머니"
Q126936887,권정주,m,19220407,20000101,조각가 권진규의 아버지
Q126937178,김민지,f,20060102,,배드민턴 선수
Q126974531,이란희,f,20000801,,대한민국의 연극 배우
Q127269267,오유근,m,19710207,,전 서울특별시의원
Q127269286,오준환,m,19710207,,South Korean politician
Q127605666,유영호,m,19680911,19960101,"유상임 교수, 유상범 정치인 겸 법조인, 유오성 배우의 아버지"
Q1276156,구본무,m,19250424,20180520,"대한민국의 기업가, 전 LG그룹 회장 (1945–2018)"
Q127684719,남학열,m,19610101,20110508,송영길 정치인과 유상임 과학자의 장인 어른
Q127684742,강궁진,m,09481227,09810101,후삼국 시대의 호족
Q127689684,남영신,f,19620321,,송영길의 부인
Q127689692,남윤신,f,19591010,,대한민국의 스포츠학자
Q127691741,심상정,m,18980101,19300309,소설가 심훈의 아버지
Q127813637,송병수,m,19620321,20220211,송영길의 아버지
Q127816710,김옥선,f,19680911,20160817,"유상임 교수, 유상범 정치인 겸 법조인, 유오성 배우의 어머니"
Q127819773,송하성,m,19620321,,송영길의 형
Q1280778,김한솔,m,19710510,,김정남의 아들
Q12834850,인교진,m,19840828,,"대한민국의 배우, 유튜버"
Q128454,순정황후,f,18940820,19660203,대한제국 순종의 황후
Q128805,유오성,m,19280303,,대한민국의 배우
Q128812698,김영명,f,19511007,,정몽준의 아내
Q129471,김무영,m,19861215,,"대한민국의 배우, 가수"
Q12963833,은서우,f,19940721,,대한민국 여배우
Q12964947,임예원,f,19740619,,South Korean actress
Q12965580,정우,m,19791012,,대한민국의 배우
Q12966411,김은서,f,19610212,,대한민국의 배우 (1998년 출생)
Q12966451,김진근,m,19821130,,대한민국의 배우
Q12966460,김주일,f,19730220,,대한민국의 배우
Q12969233,박동빈,m,19810810,20260429,대한민국의 배우 (1969–2026)
Q12970204,김량하,m,19870904,,South Korean singer
Q12972710,연규진,m,19781106,,대한민국의 배우
Q129811612,Egor Shmarov,m,19650223,,러시아 남자 축구 선수
Q129812203,Darya Shmarova,f,19650223,,
Q130029993,윤옥중,f,19620101,20240418,"김선홍 기아자동차 회장의 부인, 물리학자 김명식의 어머니"
Q130181745,장충식,m,19350119,,South Korean politician
Q130181937,김홍명,m,19511220,20240306,South Korean political scientist
Q130181946,장병상,m,19350119,19580101,
Q130182176,장진섭,m,19101125,19580101,
Q130192025,이시우,m,19051101,19070608,
Q130192069,이겸희,f,19230515,,
Q130212655,이훈열,m,19660829,,대한민국의 지구물리학자
Q130280994,최홍린,f,19981208,,South Korean politician
Q130333062,고익태,m,19571112,20180519,South Korean physician
Q130333064,박유아,f,19270929,,"대한민국 출신 예술가, 고승덕의 첫 부인"
Q130333065,이무경,f,19571112,,"대한민국의 기자, 고승덕의 현 부인 (2번째 부인)"
Q130333622,캔디 고,f,19571112,,American lawyer
Q130336191,윤서원,m,20080424,,대한민국의 바둑 기사
Q130360428,정성이,f,19380319,,South Korean entrepreneur
Q130370356,오혜선,f,19610725,,북한이탈주민 태영호의 아내
Q130376187,노건호,m,19460901,,노무현 전 대통령 장남(1째)
Q130376188,노정연,f,19460901,,노무현 전 대통령 장녀(2째)
Q130381190,권혁철,m,19600101,,"부산대학교 교수, 맞춤법 검사기 개발자"
Q130411748,조동진,m,19010108,19370101,
Q130540114,최이순,f,19050101,19870917,
Q130540249,하장수,m,18850826,19120811,"조선 말기의 유학자, 서예가 (1864–1912)"
Q130602726,송요훈,m,19790811,,대한민국의 영화 촬영 기사
Q130629970,황일순,m,19590101,,South Korean nuclear engineer
Q130630040,이해영,f,19530101,,South Korean academic
Q130717393,조석진의 딸,f,18990319,20000101,변관식의 어머니
Q130717417,신은미의 어머니,f,19030101,,박순석의 딸
Q130720075,김순덕,f,19640101,,경제학자 정안기의 모친
Q13099645,정간왕,m,10160615,10690101,Prince
Q131195713,박위,m,19900505,,대한민국의 유튜버
Q131226562,노성철,m,19790331,,South Korean management scientist
Q131309015,박경아,f,19270929,,"박태준 포스코 회장의 딸, 전재용의 전처, 김병주 MBK 회장의 부인"
Q131316099,문가비와 정우성의 아들,m,19730320,,
Q131451173,곽인완,m,19660523,20220305,Korean physician
Q131472201,손경식,m,19040101,,대한민국의 기업인
Q131521403,백선희,f,19610520,,South Korean university teacher
Q131577236,김연명,m,19681208,,대한민국의 사회과학자
Q131724647,최아영,f,19490618,,한덕수의 아내
Q131747508,손정수,f,19830415,,
Q131757948,최성자,f,19601218,,윤석열의 어머니
Q131763578,이수진,f,19790429,,"대한민국의 화제 인물, 축구 선수 이동국의 아내"
Q131787311,정세린,f,19740331,,대한민국의 음악 감독
Q131933141,전혜금,f,19470925,20170101,
Q131933301,전상범,m,19010403,19360101,
Q132431675,박제아,f,19960127,,South Korean association football player
Q133090129,박지윤,f,19680415,,박민수 차관의 딸
Q133090802,박민수,m,20000101,,보건복지부 차관
Q133255354,한우용,m,19760401,,대한민국의 외교관
Q133255369,한화길,m,19390201,,대한민국의 외교관
Q133458797,김호철,m,19580101,,South Korean composer and trade unionist
Q133667,손기정,m,19120829,20021115,대한민국의 체육인 (1912–2002)
Q133820802,명왕성,m,19620621,,"대한민국의 축구선수, 체육학자"
Q133820861,차하나,f,19800725,,차범근의 장녀
Q133826258,김중남,m,19920215,,South Korean politician
Q133850234,슬레븐,m,19640919,,대한민국의 Hiphop/R&B 아티스트
Q133867239,최정선,f,19600313,,동덕여자대학교 교수
Q133910478,이길순,f,19530113,,
Q133963592,김현규,m,19500101,,"대한민국의 신동, 서울 마포구 서교동 희문음악학원 원장 김충대-강미증 부부의 자녀"
Q133963766,강미증,f,19860101,,"대한민국의 피아니스트, 서울 마포구 서교동 희문음악학원 원장"
Q133963819,김충대,m,19860101,,"대한민국의 학원 경영자, 서울 마포구 서교동 희문음악학원 공동원장"
Q133963821,최푸름,m,19620101,,"대한민국의 교육자, 번역가, 신동"
Q133963952,최희수,m,19910101,,"대한민국의 교육자, 출판인"
Q133963998,신영일,f,19910101,,"대한민국의 교육자, 탁구 선수"
Q133965434,최초록,m,19910101,,
Q13423737,신상훈,m,19871212,,아이스하키 선수로
Q134292882,박은진,f,19610217,,
Q134292883,김정우,m,19400101,20051010,"대한민국의 기업인, 교육인, 정치인. 우송대학교 및 동아연필 설립자"
Q134293009,김충경,m,19160101,20221220,
Q134293388,김성은,f,19680115,,"동아연필 김충경의 딸, 심우정 검사의 아내"
Q134293476,심민경,f,19680115,,심우정의 딸
Q134293478,심성환,m,19680115,,심우정의 아들
Q134294425,조현숙,f,19380102,20210929,고건의 부인
Q134294455,정경숙,f,19190119,21000101,박충훈의 부인
Q134298897,이경희,m,19631208,19861023,이재명의 아버지
Q134298918,구호명,f,19631208,20200313,이재명의 어머니
Q134298972,이재순,f,19310709,,이재명의 누나
Q134298973,이재선,m,19310709,20171102,이재명의 형
Q134299101,박인복,f,19590921,,이재명의 형수
Q134299478,김대용,m,19560101,,"이재명의 이종조카, 데이트폭력 살인범"
Q134302393,최이권,f,18950309,19900101,"백낙준의 부인, 최이순의 언니"
Q134302698,장혜경,f,18961021,19880408,곽상훈의 부인
Q134316129,홍성호,m,19600402,,대한민국의 의사
Q134316159,홍순,m,19620101,,대한민국의 의사
Q13432221,백옥자,f,19791217,,South Korean athletics competitor
Q134367147,권재철,m,19861105,,가수 권보아의 아버지
Q134367152,성영자,f,19861105,,가수 권보아의 어머니
Q134367167,손병곤,m,18570101,,"손병희의 이복형, 손천민의 아버지"
Q134367213,손광화,f,18830101,19550101,"손병희의 차녀, 정광조의 부인"
Q134367214,손용화,f,18991109,19921018,"손병희의 삼녀, 방정환의 부인"
Q134367231,손두흥,m,18640804,,손병희의 아버지
Q134367247,방운용,m,18991109,20021004,방정환의 아들
Q134411657,이규학,m,19360429,19730101,"임시정부 계열 독립운동가, 이회영의 아들, 이종찬의 아버지"
Q134411774,조계진,f,19360429,19960101,이종찬의 어머니
Q134411914,정경부인 이씨,f,18970101,18980101,흥선대원군의 차녀
Q134436459,황영희,f,19410101,,대한민국의 의사
Q134457,최동원,m,19580524,20110914,대한민국의 야구인 (1958–2011)
Q134519981,이인행,m,19900120,,South Korean singer and actor
Q134571070,김승환,m,19650326,,김조광수의 남편
Q134605970,손희락,m,19901222,,
Q134605975,김영록,m,19470212,,박막례의 장남
Q134690763,정희숙,f,19880616,,대한민국의 여자 농구 선수
Q134690881,함예슬,f,19880616,,South Korean basketball player and teacher
Q13482021,이효정,m,19630826,,대한민국의 텔레비전 배우
Q13553537,정일훈,m,19901011,,대한민국의 가수이자 비투비 전 멤버
Q13580246,박수진,f,19720829,,"대한민국의 배우이자 방송인, 前 가수 (1985년 출생)"
Q1363894,이호왕,m,19281026,20220705,대한민국의 의학자 (1928–2022)
Q13646009,이은주,f,19790718,,대한민국의 가수 (1981)
Q13701421,최영애,f,19480614,,대한민국의 중문학자
Q138048,박근혜,f,19171114,,대한민국의 제18대 대통령
Q138851,한수안,m,19260618,19980104,대한민국의 남자 권투인 (1926-1998)
Q13957114,김준호 (희극인),m,19841130,,대한민국의 개그맨
Q1403834,박세직,m,19330918,20090727,"대한민국의 군인, 관료, 정치인 (1933–2009)"
Q14320941,김소니아,f,19780318,,Romanian–South Korean basketball player
Q1441819,유수일,m,19450323,20250528,대한민국의 가톨릭주교 (1945–2025)
Q14425626,박용식,m,19780417,20130802,대한민국의 배우 (1946–2013)
Q14483063,이응경,f,19690123,,대한민국의 여자 배우
Q14552393,김혜경,f,19930309,,North Korean long-distance runner
Q14623809,김혜순,f,19471201,,대한민국의 시인
Q14723581,박세영,m,19920328,,대한민국의 남자 쇼트트랙 선수
Q1478446,김사랑,m,19910908,,대한민국의 배드민턴 선수
Q14850145,박세웅 (1995년),m,19970627,,대한민국의 야구 선수 (1995-)
Q14864448,김주애,f,19840108,,김정은과 리설주의 딸
Q15057674,문흥진,m,19200106,19840102,South Korean unificiationist leader
Q1510259,Gerardus de Vries,m,16240101,17041201,Dutch theologian and philosopher
Q15120995,이일화,f,19560106,,대한민국의 배우
Q15139424,영성대군,m,13351019,13760101,조선 환조의 왕자
Q1522307,허영섭,m,19411009,20091115,South Korean metallurgist
Q1526022,조가경,m,19270607,,Korean-American philosopher (1927–2022)
Q15294611,성찬경,m,19670101,20130226,대한민국의 시인 (1943–2013)
Q15344562,양희경,f,19520813,,대한민국의 배우
Q153611,윤이상,m,19170917,19951103,대한민국 출신 독일의 작곡가
Q153778,정명훈,m,19480326,,"대한민국의 지휘자, 피아니스트"
Q1541644,쉬샤오밍,m,19870627,,중국 컬링 선수
Q155503,송순천,m,19340115,20191015,South Korean boxer (1934-2019)
Q155739,강준호,m,19280622,19900924,대한민국의 권투 선수
Q15666746,이승철,m,19841029,,대한민국의 배우
Q15703547,차선우,m,19961202,,대한민국의 배우
Q15707513,김삼순,f,18990621,20011211,대한민국의 세균학자 (1909–2001)
Q15711594,김희라,m,19170713,,대한민국의 배우
Q15712054,고은아,f,19490101,,"대한민국의 배우, 사회기관단체인"
Q15725272,김수현,m,19410101,,대한민국의 연극 배우
Q15732940,대령후,m,11270530,11540101,Goryeo prince (1130 ~ ?)
Q15788028,김철민,m,19950206,,South Korean speed skater
Q1580046,김용건,m,19780311,,대한민국의 배우
Q158056,백남준,m,19320720,20060129,한국의 비디오 아티스트 (1932-2006)
Q15850993,유경촌,m,20000101,20250815,대한민국의 천주교 성직자 (1962–2025)
Q1587695,황기,m,19470304,20020714,한국의 남자 무술가 (1915–2002)
Q15937927,장성길,m,19460122,20060701,조선민주주의인민공화국의 정치인
Q15971448,박승주,f,19920328,,대한민국의 여자 스피드 스케이팅 선수
Q15985300,정병길,m,19770101,,"대한민국의 영화 감독, 영화 각본가"
Q16017432,황혜성,f,19470513,20061214,Scholar on Korean cuisine (1920-2006)
Q16067759,김세원,f,19170528,,"대한민국의 성우, 방송인"
Q16068080,박인숙,f,19490902,20150616,대한민국의 성우
Q16068152,선은혜,f,19710301,20260117,대한민국의 성우 (1985–2026)
Q16068586,전계현,f,19290404,20191220,대한민국의 배우 (1936–2019)
Q16068605,정형석,m,19780417,,South Korean voice actor
Q16068617,주호성,m,19810318,,South Korean actor
Q16068635,최하나,f,19740701,,대한민국의 성우
Q16070048,이양희,f,19220515,,South Korean expert for international human rights
Q16071030,이찬혁,m,19990504,,"대한민국의 가수이자 음악 프로듀서, AKMU의 멤버"
Q16079902,박종구,m,19010705,,국무조정실 정책차장
Q16079909,서세원,m,19601125,20230420,"대한민국의 희극 배우 출신 목회자, 사업가 (1956–2023)"
Q16079960,천승세,m,19030416,20201127,대한민국의 소설가 (1939–2020)
Q16079983,G.고릴라,m,19760127,,"대한민국의 가수, 작곡가, 음반 프로듀서, 밴드 이브의 서브보컬 및 프로듀서"
Q16080019,강신항,m,19290414,,대한민국의 국문학자 (1930–2025)
Q16080024,강원래,m,19721222,,South Korean singer
Q16080033,강인권,m,20010726,,대한민국의 야구 선수
Q16080034,강인숙,f,19340115,,대한민국의 문학평론가
Q16080077,곽금주,f,19601010,,대한민국의 심리학자
Q16080135,규휘,f,19810504,,South Korean model
Q16080136,금노상,m,19470925,,South Korean academic
Q16080217,김무성,m,19050729,,대한민국의 정치인
Q16080219,김문용,m,19180109,19950207,대한민국의 정치인 (1916–1995)
Q16080231,김민호,m,19980204,,대한민국의 남자 야구 지도자
Q16080234,김병관,m,19681014,20080225,South Korean journalist
Q16080243,김사은,f,19860101,,"대한민국의 가수, 뮤지컬 배우"
Q16080266,김선미,f,19580927,,대한민국의 정치인
Q16080268,김선영,f,19730725,,대한민국의 아나운서
Q16080270,김성경,f,19670208,,대한민국의 방송인
Q16080285,김세연,m,19430219,,대한민국의 정치인
Q16080287,김세의,m,19350123,,"대한민국의 사이버 렉카, 기자"
Q16080288,김세환,m,19161114,,South Korean singer
Q16080301,김양,,19220921,,대한민국의 금융인
Q16080303,김연준,m,19500904,20080107,"대한민국의 교육자, 언론인 (1914–2008)"
Q16080333,김용민,m,19750101,,South Korean journalist
Q16080365,김일우,m,19580730,20040613,대한민국의 남자 배우 (1953–2004)
Q16080368,김자향,f,18950314,,South Korean physician
Q16080380,김재춘,m,19500101,20140102,"8-9대 국회의원, 3대 중앙정보부장"
Q16080384,김정근,m,19810513,,South Korean announcer and television presenter
Q16080415,김종인,m,19130101,,"대한민국의 정치인, 경제학자"
Q16080421,김종철,m,19460120,,South Korean journalist
Q16080532,김창수,m,19590820,,South Korean politician
Q16080552,김초혜,f,19430817,,South Korean poet
Q16080674,김혁,m,19470222,,South Korean actor
Q16080717,김혜림,f,19300905,,대한민국의 가수
Q16080760,김화중,f,19430217,,대한민국의 제42대 보건복지부 장관
Q16080834,남경읍,m,19640927,,대한민국의 배우
Q16080982,류정한,m,19781123,,South Korean film actor
Q16081058,문병호,m,19650313,,대한민국의 정치인
Q16081153,민복기,m,18830607,20070713,대한민국의 법조인 (1913–2007)
Q16081413,박동규,m,19160106,,South Korean novelist
Q16081587,박삼구,m,19010705,,"기업가, 금호그룹 회장"
Q16081621,박상아,f,19641022,,대한민국의 배우
Q16081747,박성용,m,19010705,20050523,대한민국의 기업가
Q16081781,박세혁,m,19640412,,대한민국의 야구 선수
Q16081942,박영아,f,19600710,,대한민국의 정치인
Q16082002,박용근,m,19770203,,대한민국의 야구선수
Q16082602,박혜진,f,19690313,,대한민국의 프리랜서 아나운서
Q16082942,백종원,m,19810811,,대한민국의 요리연구가
Q16083277,서병수,m,19630917,,국민의힘 국회의원
Q16083487,선우종원,m,19401128,20140308,South Korean painter
Q16084347,신철식,m,19201029,,South Korean businessperson
Q16084406,신형원,f,19520321,,가수
Q16084618,안규리,f,19060311,,researcher
Q16084762,안재구,m,19680101,20200708,대한민국의 수학자 (1933–2020)
Q16084970,양인자,f,19360309,,South Korean novelist
Q16085021,양후승,m,19590602,,South Korean baseball player (1961-)
Q16090147,김창훈,m,19540222,,South Korean singer
Q16090231,손화령,f,19520412,,South Korean actress
Q16090398,원홍구,m,19290519,19701003,조선민주주의인민공화국의 대학 교수
Q16090420,유두석,m,19570101,,대한민국의 정치인
Q16090431,유성엽,m,19681124,20250624,대한민국의 정치인 (1960–2025)
Q16090573,유일호,m,19241007,,Acting Prime Minister of South Korea from 2017 to 2017
Q16090635,윤석열,m,19311219,,대한민국의 제20대 대통령
Q16090675,윤창구,m,19141120,19910727,South Korean journalist
Q16090681,윤항기,m,19460309,,"대한민국의 가수, 작곡가, 개신교 목회자"
Q16090711,이광재,m,19900318,,South Korean basketball player (born 1984)
Q16090742,이기령,m,18950101,20020129,South Korean biologist
Q16090786,이다인,f,19640919,,대한민국의 배우
Q16090812,이동녕,m,18960101,20240301,대한민국의 물리학자
Q16090891,이봉서,m,19390101,,대한민국의 전 상공부 장관
Q16090896,이상규,m,19310728,,Yonsei University professor
Q16090975,이송정,f,19760818,,South Korean model
Q16090987,이슬기,f,19830302,,South Korean gayageum player
Q16090991,이승규,m,19310728,,연구원
Q16091018,이영호,m,19450515,,"South Korean actor, 1951"
Q16091081,이재현,m,19310620,,CJ 그룹 회장
Q16091093,이제학,m,19641205,,대한민국의 남자 정치인
Q16091096,이종남,m,19700101,20210525,대한민국의 법조 출신 정치인 (1936-2021)
Q16091128,이주호,m,19620101,,Acting President and Prime Minister of South Korea from May to June 2025
Q16091150,이지윤,f,19860710,,동명이인 문서
Q16091160,이지현,f,19520508,,대한민국의 배우 (1984년 출생)
Q16091210,이청,f,19500101,,"대한민국의 정치인, 교사"
Q16091294,이혜훈,f,19621023,,대한민국의 정치인
Q16091306,이홍규,m,19350602,20021031,일제강점기 법조인 (1905–2002)
Q16091326,인병선,f,19070101,,South Korean poet
Q16091370,임우재,m,19701006,,대한민국의 기업인
Q16091408,장가용,m,19110814,20080119,South Korean surgeon and anatomist
Q16091463,장영자,f,19320101,,"대한민국의 기업가, 경제사범"
Q16091504,장호일,m,19681223,,South Korean singer
Q16091531,전봉덕,m,19340101,19980518,South Korean legal historian
Q16091539,전영록,m,19860322,,"대한민국의 가수, 배우"
Q16091556,전인범,m,19561224,,대한민국의 예비역 육군 중장
Q16091629,정석모,m,19600904,20090608,대한민국의 정치인 (1929–2009)
Q16091631,정석원,m,19650910,,South Korean musician
Q16091679,정용진,m,19710302,,"대한민국의 기업가, 신세계 부회장"
Q16091786,정하연,m,19711222,,South Korean novelist
Q16091843,조규찬,m,19781027,,대한민국의 음악가
Q16091847,조남호,m,19510101,,한진중공업의 회장
Q16091888,조순형,m,18940521,,대한민국의 정치인
Q16091894,조영래,m,19520101,19901212,대한민국의 인권 변호사 (1947–1990)
Q16091900,조완규,m,18980219,20260713,대한민국의 생물학자 (1928–2026)
Q16091951,조철권,m,19560525,20070802,대한민국의 전 노동부장관
Q16091964,조하문,m,19860212,,South Korean singer
Q16092009,지선,f,19910816,,South Korean singer and actress
Q16092068,차지연,f,19861214,,"대한민국의 뮤지컬 배우, 가수"
Q16092070,채국희,f,19680625,,대한민국의 배우
Q16092077,채승석,m,19740923,,"대한민국의 기업가, 애경개발 사장"
Q16092094,최규남,m,19110310,19920427,"대한민국의 물리학자, 정무직공무원, 대학교수 (1898–1992)"
Q16092153,최신해,m,18941019,19910324,South Korean military personnel (1919-1991)
Q16092160,최연희,m,19480324,,South Korean politician
Q16092163,최영섭,m,19560902,,"대한민국의 작곡가, 지휘자 (1929–2026)"
Q16092273,추민기,m,19820713,,대한민국 배우
Q16092482,허근욱,f,18850611,20170325,대한민국의 소설가
Q16092562,홍광호,m,19840430,,대한민국 배우
Q16093226,구자홍,m,19230624,20220211,대한민국의 기업인 (1946–2022)
Q16093283,강인원,m,19700103,,South Korean singer (1956-)
Q16093399,김동원,m,19480715,20060513,대한민국의 배우 (1916–2006)
Q16094364,김희갑,m,19450916,,대한민국의 음악가
Q16094920,박래군,m,19630417,,South Korean novelist
Q16094944,박현식,m,19110101,20050820,대한민국의 야구인 (1929–2005)
Q16094998,백낙준,m,19050101,19850113,대한민국의 정치인 (1895–1985)
Q16095602,서석조,m,19590101,19990101,South Korean physician
Q16096971,윤상,m,19750519,,대한민국의 음악가
Q16097635,윤인선,m,19020421,,
Q16097650,이해욱,m,19380709,,"대한민국의 기업인, 대림산업 대표"
Q16097769,장형,m,19320725,19641230,일제강점기의 독립운동가 (1889–1964)
Q16097900,정광현,m,19070918,19801207,
Q16097986,조긍하,m,19600306,19820128,대한민국의 영화 감독 (1919–1982)
Q16098012,조헌영,m,19201203,19880523,"조선민주주의인민공화국의 대학 교수, 월북자"
Q16098259,채동선,m,19110310,19530202,대한민국의 작곡가 (1901–1953)
Q16160030,신민준,m,19660101,,대한민국의 바둑 기사
Q16160132,곽방방,f,19790101,,South Korean table tennis player
Q16160910,노유정,f,19611020,,South Korean actress
Q16162707,구두회,m,19260630,20111021,대한민국의 기업인 (1928–2011)
Q16163145,구본준,m,19450210,,대한민국의 기업인
Q16163303,심도원,m,,14390101,Joseon civil servant (1375 ~ 1439 )
Q16163642,구인회,m,19250424,19691231,대한민국의 LG그룹 창업주 (1907–1969)
Q16163854,심효생,m,,13980101,Goryeo & Joseon civi servantt (1349 ~ 1398 )
Q16166065,대도서관,m,19850101,20250906,"대한민국의 인터넷 방송인, 컨텐츠 크리에이터 (1978–2025)"
Q16166404,대명주원부인,f,08770204,,Royal consort of Goryeo
Q16168020,권오석,m,19471223,19710830,대한민국의 전 대통령 노무현의 장인
Q16168773,문극겸,m,10880101,11890101,고려의 문신 (1122-1189)
Q16168961,유동열,m,19210214,19501018,"대한제국 시위대 기병대장, 임시정부 군무총장, 미군정청 통위부장, 국채보상지원금총합소 회계"
Q16168972,안동혁,m,19550101,20041014,South Korean chemist
Q16169209,유명한,m,19000101,19500101,"일제강점기의 기업가, 유일한 박사 유한양행 창업주의 동생 (1908–1950)"
Q16169270,안봉순,m,19270405,19670225,한국의 독립운동가 (1894–1967)
Q16169562,유승안,m,19860617,,대한민국의 야구인
Q16169960,유은성,m,19830909,,대한민국의 CCM 작곡가 겸 가수
Q16170392,서세옥,m,19620101,20201129,대한민국의 동양화가 (1929–2020)
Q16170554,서영석,m,19590101,,South Korean radio personality
Q16170972,솔튼페이퍼,m,19501218,,American-South Korean singer
Q16171525,장홍염,m,18990101,19901105,대한민국의 정치인 (1910–1990)
Q16171539,윤광선,m,19270407,19500101,
Q16171782,기세춘,m,19650101,20220506,대한민국의 재야운동가 겸 한학자 (1933–2022)
Q16171881,민병석,m,19131212,19400801,"조선 말기의 친일파, 매국노, 친일반민족행위자 (1858–1940)"
Q16171980,윤부길,m,19460309,19570101,South Korean singer
Q16172081,최능진,m,19280806,19510211,"한국의 독립운동가, 통일운동가"
Q16172151,민적,m,12450101,,고려의 문신
Q16172178,서희원,m,19470101,20040407,대한민국의 교수
Q16172528,민홍기,m,19131212,19510221,"친일파, 친일반민족행위자"
Q16172540,한승원,f,19501110,,South Korean manhwaga
Q16172721,선성군,m,13570709,14600716,조선 정종과 숙의 지씨의 서자
Q16172944,김광주,m,19480505,19731217,"한국의 독립운동가, 언론인, 문학가 (1910–1973)"
Q16173139,윤혜진,f,19740405,,South Korean dancer (1980-)
Q16173161,설장수,m,13590101,13991113,
Q16173236,윤효진,f,19200127,,South Korean figure skater
Q16173248,최종건,m,19291121,19731115,"기업가, 선경그룹 창업주"
Q16173390,박경아,f,19240101,,"1950년생 의사, 해부학자"
Q16173477,한효섭,m,19740923,,대한민국의 정치인
Q16173576,최필립,m,18990101,20130918,
Q16173605,최향,m,11660101,,
Q16173739,성빈 지씨,f,13570709,,조선 정종의 후궁
Q16173860,함양옹주,f,13570709,,
Q16173946,함정임,f,19631203,,South Korean novelist
Q16174033,추송웅,m,19730509,19851229,대한민국의 배우 (1941–1985)
Q16174683,김민정,f,19821031,,대한민국의 방송사 KBS의 여자 아나운서
Q16175060,김보애,f,19220406,20171014,"대한민국의 모델, 배우, 수필가 (1937–2017)"
Q16175110,이곡,m,13280101,,고려의 문신 (1298–1351)
Q16175314,이광혁,m,19931126,,대한민국의 축구 선수
Q16175372,김상홍,m,18960825,20100523,대한민국의 기업인
Q16175424,박인철,m,19740408,,대한민국의 기업인
Q16175491,정몽윤,m,19151125,,대한민국의 기업인
Q16176013,김순남,m,19450701,19830101,조선민주주의인민공화국의 작곡가
Q16176035,박지훈,m,19480304,,대한민국의 기업인
Q16176070,박진섭,m,19580215,,대한민국의 가수
Q16176116,박찬구,m,19010705,,"기업가, 금호석유화학 회장"
Q16176119,려연구,f,19281105,19960928,조선민주주의인민공화국의 정치인
Q16176230,김신재,f,19111210,19980331,대한민국의 영화배우 (1919–1998)
Q16176271,정순공주,f,13670524,14600101,태종과 원경왕후의 자녀
Q16176332,허종,m,18850611,,조선민주주의인민공화국의 외교관
Q16176525,박홍수 (조선),m,19050607,19010101,"조선의 문신, 정치인 (1814~1901)"
Q16176680,김영일,m,19120415,20000101,조선민주주의인민공화국의 외교관 (1955–2000)
Q16177000,이민아,f,19340115,20120315,"한국계 미국인 변호사, 목회자"
Q16177020,정정렬,m,19000101,19380101,Pansori singer (1876 - 1938)
Q16177084,김용재,m,19390122,19580131,대한민국의 정치인 (1912–1958)
Q16177272,정진,m,13420101,14270101,Goryeo & Joseon civil servant (1361 ~ 1427 )
Q16177357,현영운,m,18700223,20000101,Korean soldier (1868 - )
Q16177365,강문영,f,19661205,,South Korean film actor
Q16177384,손문권,m,19600824,20120121,대한민국의 PD (1972–2012)
Q16177475,손영기,m,19390915,19760101,일제 강점기와 대한민국의 관료
Q16177510,손웅정,m,19920708,,대한민국의 축구 지도자
Q16177593,김윤남,f,19491020,20130605,기업인 김신석의 자녀
Q16177650,방준오,m,19480206,,조선일보 부사장
Q16177672,강세형,m,19090203,19600701,대한민국의 정치인 (1899–1960)
Q16177787,이상순,m,19790219,,대한민국의 기타리스트
Q16177870,고윤,m,19510920,,대한민국의 배우
Q16177903,혜은이,f,19500610,,대한민국의 여자 가수
Q16177963,구본능,m,19250424,,"대한민국의 기업가, 희성 그룹 회장"
Q165210,김영삼,m,19271220,20151122,대한민국의 제14대 대통령 (1929–2015)
Q1656902,성한국,m,19910729,,대한민국의 배드민턴 선수
Q165698,허재,m,19930805,,대한민국의 방송인
Q166421,이성자,f,19180603,20090308,Korean painter (1918–2009)
Q166531,최대식,m,19650110,20240327,대한민국의 축구인 (1965–2024)
Q168567,신격호,m,19211103,20200119,"대한민국의 기업인, 롯데의 창업주 (1921–2020)"
Q169144,권현상,m,19341208,,대한민국의 배우
Q1699586,장익,m,19270210,20200805,대한민국의 카톨릭 성직자 (1933–2020)
Q171544,장규철,m,19460619,20000419,대한민국의 권투선수 (1946–2000)
Q171684,이승만,m,18750326,19650719,"대한민국의 제1·2·3대 대통령, 독립운동가, 교육가 (1875–1965)"
Q171883,지용주,m,19481219,19850825,amateur boxer from South Korea (1948-1985)
Q1741520,김중원,m,19740818,,North Korean marathon runner
Q1741525,김국태,m,19030814,20131213,정치인
Q1741601,김연자,f,19910729,,대한민국의 배드민턴 선수
Q181993,김정숙,f,19290306,,조선민주주의인민공화국의 정치인
Q186500,장면,m,19331120,19660604,"대한민국의 정치가, 제2공화국 前 국무총리 (1899–1966)"
Q192049,윤보선,m,18970826,19900718,"대한민국의 제4대 대통령, 독립운동가, 정치인 (1897–1990)"
Q192111,윤치호,m,18961225,19451206,"대한제국과 일제감정기 조선의 정치인, 교육자 (1865–1945)"
Q1953626,오영란,f,19760426,,South Korean handball player
Q195795,현제명,m,19021208,19601016,일제강점기의 음악가 (1902–1960)
Q196064,오진우,m,19170308,19950225,"조선민주주의인민공화국의 군인, 정치인 (1917–1995)"
Q196640,임용순,m,19030101,19871104,제2대 국회의원을 지낸 대한민국의 정치인이다.
Q196676,이태규,m,19020126,19921026,대한민국의 이론화학자 (1902–1992)
Q1990369,니키 리,f,19810411,,대한민국에서 거주하며 미국 뉴욕을 기반으로 활동하는 한국인 사진가
Q208203,김성수,m,18911011,19550218,대한민국의 언론인 (1891–1955)
Q211536,정민형,m,19870514,20120704,대한민국의 축구 선수 (1987-2012)
Q211648,노신영,m,19300228,20191021,대한민국의 정치인 (1930–2019)
Q211659,여효진,m,19830425,20210731,대한민국의 축구인 (1983–2021)
Q212990,김기덕,m,19601220,20201211,"대한민국의 영화 감독, 각본가 (1960–2020)"
Q213079,이정수,m,19831013,,대한민국의 축구 지도자
Q214259,김규식,m,18810129,19501210,"일제강점기의 정치가, 학자 (1881–1950)"
Q215737,김구,m,18760829,19490626,"대한민국의 정치인, 교육자, 독립운동가 (1876–1949)"
Q2164635,로만 자키브,m,19460101,20230614,미국 이론물리학자
Q21710516,조상선,m,19650803,19830101,
Q2233555,강영섭,m,19041207,20120121,조선민주주의인민공화국의 정치인
Q224639,이정희,f,19580919,,"대한민국의 정치인, 변호사"
Q229124,김연아,f,19950710,,대한민국의 여자 피겨 스케이팅인
Q22973181,김채영,f,19631109,,대한민국의 바둑 기사
Q22973436,담철곤,m,19560215,,South Korean businessperson
Q22973715,류동완,m,19910921,,대한민국의 바둑 기사
Q22973717,류민형,m,19890306,,대한민국의 바둑 기사
Q22973872,박재우,m,19951011,,대한민국의 축구 선수 (1995년 출생)
Q22973900,방주란,f,19680121,,대한민국의 배우
Q22973916,백승탁,m,19660904,,대한민국의 교육자
Q22974006,브라더수,m,19930627,,대한민국의 가수
Q22974406,안형준,m,19910916,,대한민국의 바둑 기사
Q22974650,윤재웅,m,19880318,,대한민국의 바둑 기사
Q22974658,윰댕,f,19781031,,대한민국의 인터넷 방송인
Q22974712,이순원,m,19830621,,대한민국의 배우
Q22974719,이여진,f,19790814,,South Korean announcer
Q22974724,이완자불화,m,13000101,,조선 도조의 왕자
Q22974740,이장원,m,19830907,,대한민국의 음악가
Q22975015,진송아,f,19640627,,South Korean actress
Q22975111,최지원,f,19621218,,1961년생 대한민국의 배우
Q23009367,김숙향,f,19280820,,South Korean politician
Q2315679,곽경택,m,19681023,,대한민국의 영화 감독
Q232285,최진실,f,19681224,20081002,대한민국의 배우 (1968–2008)
Q232449,보아,f,19810101,,대한민국의 프로듀서이자 가수이자 배우
Q232491,이효리,f,19740825,,"대한민국의 가수, 방송인"
Q233371,태연,f,19980831,,"대한민국의 가수, 걸 그룹 소녀시대의 멤버 및 메인 보컬"
Q233385,수영,f,19860809,,대한민국의 가수
Q233889,김수환,m,19220508,20090216,대한민국의 추기경 (1922–2009)
Q233906,김희옥,m,19480817,20060901,대한민국의 헌법재판소 재판관 (2006-2010)
Q233911,제시카,f,19941024,,"한국계 미국인 가수이자 배우, 패션 디자이너"
Q236485,한명숙,f,19400229,,대한민국의 정치인
Q23759211,임대홍,m,19490507,20160405,South Korean businessperson
Q237673,구혜선,f,19870701,,대한민국의 배우
Q23939885,홍정도,m,19491020,,"대한민국의 기업가, 중앙미디어네트워크 대표"
Q23994877,장성수,m,19610222,,"대한민국의 기업인, 교육자"
Q23994986,석동현,m,19600618,,대한민국의 법조인
Q23994999,정유라,f,19550101,,대한민국의 여자 승마인
Q23995055,이상업,m,19830302,,South Korean military personnel
Q24000291,박종혁,m,19640627,,대한민국의 배우
Q24000434,변옥란,m,13450101,13950101,civil servant of the late Goryeo Dynasty and early Joseon Dynasty (1322-1395 )
Q24000552,정태옥,m,19670605,,South Korean politician
Q24000580,성일종,m,19510820,,국민의힘 국회의원
Q24000602,김현권,m,19660623,,South Korean politician
Q24000620,박경미,f,19640101,,South Korean politician
Q24000661,채서진,f,19870103,,대한민국의 배우
Q24000700,박훈,m,19820312,,대한민국 배우
Q24000773,장정숙,f,19230101,,South Korean politician
Q24087830,박찬용,m,20051029,,대한민국의 축구 선수
Q24238917,장하석,m,19631007,,Korean-American historian and philosopher of science
Q24251305,박승철 (의사),m,19120728,20140601,South Korean physician
Q242651,노태우,m,19321204,20211026,대한민국의 제13대 대통령 (1932–2021)
Q24273241,러비,f,19901222,,대한민국의 가수
Q24323646,조백상,m,19290322,,대한민국의 외교관
Q24355800,김필순,m,18890101,19190101,
Q246167,김종필,m,19260107,20180623,대한민국의 제11·31대 국무총리 (1926–2018)
Q24845052,노동두,m,19471023,20021126,South Korean neurologist
Q24846650,양회경,m,19470404,19980511,South Korean lawyer
Q24856057,허훈,m,19650928,,대한민국의 남자 농구 선수
Q24856074,이종대,m,19560101,20181127,유한킴벌리 회장을 지낸 대한민국 기업가
Q24856176,윤지희,f,19850312,,대한민국의 바둑 기사
Q24856209,박세진,m,19951130,,대한민국의 야구 선수
Q24856218,박종찬,m,19640627,,대한민국의 배우
Q24856417,김홍선,m,19030814,19330701,일제강점기의 공산주의 운동가이자 독립 운동가
Q24856446,왕선사,m,11520517,,
Q24857647,조태관,m,19591224,,한국계 캐나다인 배우
Q24858167,박애리,f,19790130,,대한민국의 국악인
Q24859999,효화태자,m,09250101,,Korean Royal Prince
Q24860408,수명태자,m,08770204,,Prince
Q24861296,윤득실,m,17980718,18050101,조선 후기의 문신
Q24861439,이진이,f,19631215,,"대한민국의 모델, 배우 (1999년 출생)"
Q24861830,정동현,m,19910719,,South Korean baseball player
Q24868670,서준식,m,19220101,,1948-
Q249228,강대원,m,19310504,19920513,대한민국의 반도체 물리학자 (1931–1992)
Q249469,정명희,f,19600417,,대한민국의 배드민턴 선수
Q25252530,김다영,f,19631109,,대한민국의 바둑 기사
Q25252545,나카네 나오유키,m,19790116,,일본의 바둑 기사
Q25252795,김현정,f,19810214,,일본의 바둑 기사
Q25374501,정연,f,19930227,,대한민국의 가수
Q255420,이상화,f,19870323,,대한민국의 전 여자 스피드 스케이팅 선수
Q25559386,김량현,m,19870904,,South Korean singer
Q256932,손예진,f,19820925,,대한민국의 여자 배우
Q257425,대한제국 고종,m,18520908,19190121,"조선의 제26대 임금, 대한제국의 초대 황제 (1852–1919)"
Q2598021,황준묵,m,19360531,,대한민국의 수학자
Q2600733,유상희,f,19631229,,대한민국의 배드민턴 선수
Q262520,한혜진,f,19890124,,대한민국의 배우
Q26299233,태영호,m,19660101,,"북한 출신 대한민국의 귀순자 겸 통일운동가, 국민의힘 소속 국회의원"
Q263732,고용희,f,19520626,20040524,김정일의 네번째 배우자
Q2644834,아노차 판조이,f,19430101,,Thai kidnap victim
Q26689987,도영,m,19940526,,대한민국의 보이 그룹 NCT의 멤버
Q26701451,김복선,f,19950509,,대한민국의 여자 배드민턴 선수
Q267493,이경환,m,19880321,20120414,대한민국의 前 축구 선수 (1988-2012)
Q269537,성지현,f,19880517,,대한민국의 배드민턴 선수
Q269742,배두나,f,19780107,,대한민국의 배우
Q26987447,김주나,f,19600101,,대한민국의 가수
Q27058672,강석화,m,19290414,,한국의 역사학자
Q270687,탕웨이,f,19691209,,홍콩의 배우
Q271067,김경희,f,19410216,,조선민주주의인민공화국의 정치인
Q27120433,설손,m,13410101,,Yuan dynasty person CBDB = 106338
Q27120602,설미수,m,13410101,14150101,civil servant (Joseon & Goryeo) (1359-1415)
Q27148079,설경수,m,13410101,,
Q271566,정성옥,f,19730920,,북한의 전 여자 마라톤 선수
Q272236,진은숙,f,19630427,,South Korean composer
Q272329,엄정화,f,19740405,,"대한민국의 배우, 가수"
Q27306309,윤지수,f,19610704,,대한민국의 여자 펜싱 선수
Q2749917,하찬석,m,19481220,20100914,대한민국의 바둑 기사 (1948–2010)
Q27514522,최순실,f,19120825,,"대한민국의 범죄자, 2016년 국정농단사태의 주범"
Q277225,독고영재,m,19290429,,대한민국의 배우이다.
Q27824719,김혜정,f,19670220,,배드민턴 선수
Q27906365,김원호,m,19700411,,대한민국의 배드민턴 선수
Q27951694,최운주,,19000621,,조선민주주의인민공화국의 조선사회민주당 정치인
Q27951793,강복신,f,19120829,19440101,한국의 체육인 (1916–1944)
Q27951895,유길촌,m,20000101,,대한민국의 방송연출가 (1940–2022)
Q27951939,학천군,m,13480101,14350830,Goryeo & Joseon official (1375 - 1435 )
Q27951972,박래전,m,19610501,19880606,
Q27951975,전민제,m,19290101,,대한민국의 화학공학자 (1922–2020)
Q27951976,나영균,f,18900927,,대한민국의 교육인
Q27951979,김건,m,18960418,20150417,former Governor of the Bank of Korea
Q27952219,이정후,m,19700815,,대한민국의 남자 야구 선수
Q27952568,순천군,m,13480101,14190707,official during the Joseon dynasty (1367 - 1419)
Q27952967,유종완,m,19911221,,축구 선수(1959-)
Q27953283,김충훈,m,19880216,,대한민국의 록 가수
Q27953288,명주완,m,19310101,19770101,South Korean academic
Q27953298,주명건,m,19120410,,South Korean academic
Q27953366,박부남,f,19241218,20180101,대한민국의 소아내과 의사
Q27953889,안다빈,m,19520101,,대한민국의 미술가
Q27953939,임항,m,10890101,,
Q27953940,임유,m,10890101,,
Q27953994,박지수,f,19691110,,대한민국의 남자 농구 선수
Q27954112,문공인,m,10880101,11370101,Goryeo civil servant (? - 1137)
Q27954147,장정석,m,20020620,,South Korean baseball player
Q27954290,척순,m,10500101,,
Q27982975,박경호,m,19670708,,대한민국의 남자 유도 선수
Q28355519,김태호,m,19621023,20020710,대한민국의 정치인 (1935–2002)
Q28357800,채몽인,m,19360722,19700712,애경그룹 창업주
Q284094,이은주,f,19801222,20050222,대한민국의 배우 (1980–2005)
Q28412571,최수진,f,19900210,,South Korean musical theatre actress (1986-)
Q28415860,조혜정,f,19650630,,대한민국 여배우
Q28502606,김익수,m,19650913,,유도 선수
Q28530017,아이,f,19920905,,대한민국의 가수
Q2856212,전형필,m,19060729,19620126,대한민국의 수집가 (1906~1962)
Q28607727,김중수,m,19640127,,배드민턴 선수
Q28663892,Han Sung-Chul,m,19770805,,South Korean judoka
Q28698461,우현보,m,13570101,14000101,official (1333-1400 ) of the late Goryeo Dynasty and the early Joseon Dynasty
Q28698466,우홍강,m,13330101,14230101,civil servant Goryeo & Joseon (1357-1423)
Q28698535,선두훈,m,19620901,,"선병원 이사장, 코렌텍 대표"
Q28698539,채형석,m,19360722,,"대한민국의 기업가, 애경그룹 총괄부회장"
Q28698692,이창순,m,19600424,,대한민국의 연출가
Q28698781,남윤호,m,19510320,,대한민국 배우
Q28699036,정희자,f,19361219,,South Korean businessperson
Q28699292,이재명,m,19170323,,"대한민국의 기업인, 정치인"
Q28699503,백효주,m,12470101,,Goryeo military official
Q28699624,류선영,f,19910328,,대한민국의 배우
Q28699722,정지우,m,19681023,,대한민국의 영화 감독
Q28700176,조성원,m,19840316,,대한민국의 축구 지도자
Q28700404,송준평,m,19670117,,대한민국의 전 축구 선수
Q28700505,노옥희,f,19581120,20221208,대한민국의 교사 출신 교육감
Q28920850,김수연,f,19970901,,대한민국의 피겨스케이팅 선수
Q28920856,김형태,m,20010424,,대한민국의 피겨스케이팅 선수
Q28966728,김경애,f,19910310,,대한민국의 여자 컬링 선수
Q290926,정소영,f,19980103,,대한민국의 배드민턴 선수
Q2913717,이규보,m,11680101,12410101,고려의 문신 (1168–1241)
Q292741,장자연,f,19821208,20090307,South Korean actress
Q2947218,최승로,m,09270101,09890622,고려의 문신 (927–989)
Q2947463,인재근,f,19470214,,대한민국의 정치인
Q2948453,이육사,m,18780101,19440116,일제 강점기의 시인 겸 독립운동가
Q2964214,조정권,m,19490222,20171108,South Korean writer
Q2964216,조민호,m,19870104,20220615,대한민국의 남자 아이스하키인 (1987–2022)
Q2964316,최윤의,m,11020101,11621008,"korean politician, publisher, and writer during the Goryeo Dynasty (1102 - 1162)"
Q296734,문선명,m,19200225,20120903,통일교의 창시자
Q29841145,김광섭,m,19510101,,조선민주주의인민공화국의 외교관 (1952-)
Q29881198,김정숙,f,19530124,,"대한민국의 영부인으로, 문재인 대통령의 부인"
Q30068067,델피네 오,f,19821218,,프랑스 정치인
Q301761,허가이,m,19080318,19530702,소련과 북한의 자살한 정치인
Q302096,고려 우왕,m,13650802,13900108,고려의 제32대 임금 (1365–1389)
Q30313912,배진영,m,20020812,,대한민국의 가수이자 배우
Q30609413,목치숙,m,19130118,19280101,Independence activist (1885 - 1928)
Q30609464,김관주,m,19370101,19500623,
Q30924817,카와무라 아야나,f,19830816,,Japanese announcer
Q30949603,율희,f,19921111,,대한민국의 전 가수이자 방송인
Q310971,차두리,m,19530522,,대한민국의 남자 축구 지도자
Q311219,홍금보,m,19740701,,홍콩의 배우
Q31176611,임기옥,f,19490101,,South Korean politician
Q31176632,이인선,f,19480101,,대한민국의 과학자 및 정치인
Q31176758,고현석,m,19450103,,South Korean businessperson
Q31176842,심재환,,19691222,,South Korean politician and lawyer
Q31177219,이항범,m,19490201,,대한민국의 농구인
Q31178499,오영환,m,19880911,,대한민국의 소방공무원 출신 정치인
Q31178589,목수정,f,19130118,,South Korean writer
Q31178641,정아라,f,19790723,,대한민국의 배우
Q31178662,최재원,m,19601203,,"기업인, SK그룹 수석부회장"
Q31178702,노태강,m,19621120,,
Q31178879,최상목,m,19670101,,대한민국의 관료
Q31178898,안필립,m,19520101,,대한민국의 미술가
Q31179278,신은미,f,20000101,,American journalist
Q31179301,천규덕,m,19600909,20200602,대한민국의 프로 레슬러 (1932–2020)
Q31179316,김익진,m,19200605,19700917,일제강점기와 대한민국의 법조인
Q31179364,장하성,m,19511220,,대한민국의 경영학자
Q31179433,이선중,m,19490101,20200106,대한민국의 법조인 (1924-2020)
Q31179449,표진인,m,19770210,,South Korean psychiatrist and writer
Q31179514,이병철,m,19800906,,대한민국의 배우 (1949–2022)
Q31179630,김재영,f,19870620,,South Korean volleyball player
Q31179655,조성윤,m,19600101,,대한민국 배우
Q31180340,김현우,m,19871103,,South Korean reporter and news anchor
Q3118665,구영조,m,19550717,20010301,North Korean boxer
Q3125238,하병옥,m,19350915,20211007,
Q3126635,한덕수 (1907년),m,19070101,20010221,조선민주주의인민공화국의 정치인 (1907–2001)
Q313083,기성용,m,19811027,,대한민국의 남자 축구 선수
Q313350,최규하,m,19190716,20061022,"대한민국의 제10대 대통령, 박정희 대통령 서거 후 권한대행 (1919–2006)"
Q313968,안정환,m,19790424,,대한민국의 축구인
Q3148846,임동권,m,19260101,20121127,대한민국의 민속학자 (1926–2012)
Q315484,박찬욱,m,19650101,,대한민국의 영화 감독
Q3156766,J. P. Testwuide,m,19870205,,American ice hockey player
Q3161947,장웅 (스포츠인),m,19380705,20260329,조선민주주의인민공화국의 스포츠인 (1938–2026)
Q317824,김정남,m,19710510,20170213,조선민주주의인민공화국의 정치인
Q318485,비,m,19800329,,"대한민국의 가수, 배우"
Q3196285,Ki Hyung Lee,m,19510101,20040109,South Korean taekwondo practitioner (1951–2004)
Q3196768,김미정,f,19680114,,1971년생 대한민국의 유도 선수
Q3196806,김성환 (만화가),m,19321008,20190909,대한민국의 시사 만화가 (1932-2019)
Q3196824,김원룡,m,19220824,19931114,"대한민국의 고고학자, 미술사학자 (1922-1993)"
Q3196825,김원균,m,19170102,20020405,North Korean composer of the national anthem (1917–2002)
Q3196829,김용환,m,19120101,19980101,대한민국의 만화가
Q3196835,김영일,m,19470317,20231001,조선민주주의인민공화국의 외교관 (1947–2023)
Q3196925,김흥수,m,19191117,20140609,South Korean painter (1919-2014)
Q319920,이해찬,m,19520710,20260125,대한민국의 정치인 (1952–2026)
Q319934,서재필,m,18660101,19510105,"한국계 미국인 독립운동가, 정치인, 언론인"
Q32059867,김성혜,f,19360214,20200211,"한세대학교 총장, 조용기 목사의 부인 (1942‐2021)"
Q3228847,이도영,m,18840101,19330101,대한민국의 화가
Q3228903,이경해,m,19470101,20030910,"South Korean farmer, activist (1947–2003)"
Q3237558,이옥,m,19281108,20010728,Korean historian (1928–2001)
Q3240987,임유종,m,19240825,20160907,대한민국의 바둑 기사
Q3251327,박영호,m,20050516,,South Korean association football player
Q32538394,허준이,m,19550101,,"한국계 미국인 수학자, 한국 최초 필즈상 수상자"
Q33082981,김영세,m,19640615,,대한민국의 교수
Q332998,류승완,m,19800809,,대한민국의 영화 감독
Q333042,송덕기,m,18930119,19870723,한국의 택견인 (1896-1987)
Q333163,김태훈,m,19710415,,대한민국의 배우
Q3332980,Mélodie Nakachian,f,19540110,,kidnapping victim
Q334111,대한제국 순종,m,18940820,19260425,"조선의 제27대 임금, 대한제국의 제2대 황제 (1874–1926)"
Q334297,박헌영,m,19000528,19561215,"일제강점기의 언론, 정치인"
Q334312,고려 태조,m,08770204,09430709,고려의 초대 임금 (877–943)
Q334326,김두봉,m,18860101,19580101,일제강점기의 언론인 (1889–1960?)
Q334504,배용준,m,19851127,,"대한민국의 전 배우, 사업가"
Q3349871,오세영,m,19550101,20160505,South Korean cartoonist
Q335164,홍성남,m,19291002,20090331,조선민주주의인민공화국의 정치인 (1929-2009)
Q3365409,박성준,m,19440324,,South Korean politician
Q337019,정일권,m,19171121,19940117,대한민국의 육군참모총장 (1917–1994)
Q3375326,김선화,f,19880906,,South Korean handball player
Q3382230,경신공주,f,13670524,14260331,조선 태조의 왕녀
Q339595,나시모토노미야 모리마사,m,19011104,19510101,Japanese prince (1874–1951)
Q346751,차범근,m,19800725,,대한민국의 남자 축구인
Q347423,이동국,m,20070814,,대한민국의 축구인 겸 방송인
Q3484849,신상우,m,19930801,,대한민국의 아이스하키 선수
Q354638,세븐,m,19840419,,대한민국의 솔로 가수
Q3548661,한태윤,f,19800108,,대한민국의 배우
Q35489793,김종옥,m,19800101,,대한민국의 작가
Q356335,최홍희,m,19181109,20020615,"대한민국의 무술가, 태권도의 창시자 (1918–2002)"
Q3565110,윤치오,m,18980210,19501222,일제 강점기의 관료
Q356675,한승수,m,19390101,,"대한민국의 정치인, 외교관"
Q3571994,강남,m,19890225,,대한민국의 가수
Q3572265,이인성,m,19241021,,대한민국의 작가
Q3615940,오길남,m,19420101,,대한민국의 경제 학자
Q3659507,곽정욱,m,19880730,,South Korean actor
Q368516,전미라,f,19691015,,대한민국의 테니스 선수
Q368852,서태지,m,19880808,,대한민국의 음악가
Q368892,고려 고종,m,11920210,12590728,고려의 제23대 임금 (1192–1259)
Q369119,최광,m,19180717,19970221,조선민주주의인민공화국의 군인
Q3700561,유치송,m,19550330,20060602,대한민국의 정치인 (1924–2006)
Q3703166,한상진,m,19770114,,South Korean actor
Q3703167,전혜진,f,19790219,,대한민국의 배우 (1988년 출생)
Q3703171,박윤재,m,19790328,,대한민국의 배우 (1981-)
Q371800,이상천,m,19540115,20041019,Korean-American billiards player (1954-2004)
Q3724024,홍은희,f,19691128,,대한민국의 배우
Q3776444,문태영,m,19751201,,미국 농구 선수
Q378483,조선 태조,m,13351019,14080602,조선의 초대 임금 (1335–1408)
Q3786443,진태현,m,19800106,,대한민국의 배우
Q379396,스티브 첸,m,19760101,,Chinese-American businessman
Q379662,장택상,m,18931022,19690801,대한민국의 정치인 (1893–1969)
Q379667,최용건,m,19000621,19760919,"조선민주주의인민공화국의 군인, 정치인 (1900–1976)"
Q380118,현빈,m,19820111,,대한민국의 배우
Q380121,이병헌,m,19820216,,대한민국의 배우
Q380681,고건,m,19060101,,대한민국의 고위 정치인
Q3814008,케이티 손더스,f,19850919,,영국 배우
Q3816460,구보타 시게코,f,19320720,20150723,"비디오 아티스트, 백남준의 배우자"
Q381845,이종욱,m,19450412,20060522,대한민국의 의료인 (1945–2006)
Q38244065,조경현,m,19570101,,연구자
Q384293,신경숙,f,19600904,,대한민국의 소설가
Q385795,김정철,m,19410216,,김정일의 차남
Q386194,홍세화,m,19471210,20240418,"대한민국의 작가, 사회운동가, 언론인 (1947–2024)"
Q3890747,Max Boot,m,19750101,,Russian-born writer and historian
Q390099,육영수,f,19251129,19740815,대한민국의 5·6·7·8·9대 영부인 (1925–1974)
Q39040353,이규승,m,19250611,20000101,"간도특설대원, 대한민국의 군인"
Q39040354,박명렬,m,19400105,20031019,
Q391400,정경화,f,19440319,,대한민국의 바이올린 연주자
Q391965,조정석,m,19810408,,대한민국의 배우
Q39498825,기모란,f,19330101,,대한민국의 예방의학 전문 의학자
Q401464,이후락,m,19240223,20091031,대한민국의 정치인 (1924–2009)
Q402165,안재형,m,19910917,,대한민국의 탁구 선수
Q402179,안성기,m,19520101,20260105,대한민국의 배우 (1950–2026)
Q4022738,전미선,f,19690406,20190629,대한민국의 배우 (1970–2019)
Q40403425,위샤오광,m,19790120,,Chinese composer and actor
Q412449,리상벽,m,19240330,19971225,"조선민주주의인민공화국의 아나운서(방송원)로, 함경북도 청진시 청암구역 사구리 출신이다."
Q4124884,원정식,m,19860804,,대한민국의 역도 선수
Q4132779,김윤석,m,19710101,,"대한민국의 영화 배우, 영화 감독"
Q41520899,문용형,m,19530124,19780101,한국의 관료 (1920–1978)
Q41520985,강한옥,f,19530124,20191028,대한민국의 노동자이자 문재인의 모친 (1928–2019)
Q42155021,강주은,f,19620327,,한국계 캐나다인 미스코리아
Q42326418,명희준,m,19651015,,연구원
Q42407184,조현철,m,19520101,,대한민국의 배우
Q42418509,Go Woo-seok,m,19740913,20170821,
Q4307061,문국진,m,19200106,,Korean-American businessman
Q4307062,문인진,f,19200106,,American unificationist leader
Q43087486,김마리아 (1903년),f,19001020,19700210,일제강점기 여성 독립운동가
Q43110888,고은채,f,19810614,,South Korean actress
Q43111132,아리,f,19700619,,가수 (1994년 출생)
Q43133525,이춘기,m,19560101,,척추수술 명의
Q4330912,김여정,f,19410216,,1987년생/북한 정치인
Q433295,류미영,f,19210214,20161123,조선민주주의인민공화국의 정치인
Q433383,길영아,f,19990602,,대한민국의 배드민턴 선수
Q433389,박승희,f,19900915,,대한민국의 쇼트트랙 선수
Q434562,요코타 메구미,f,19610625,,최연소 납북 일본인
Q439435,신숙자,f,19420101,20081123,대한민국의 간호사 (1942–2012)
Q439722,손흥민,m,19620610,,대한민국의 축구 선수
Q44121223,길정희,f,18980716,19900101,대한민국의 의사
Q44395499,다케나카 히토시,m,19261025,,Japanese sociologist
Q444047,강량욱,m,19041207,19830109,조선민주주의인민공화국의 정치인
Q445643,이병철,m,19100212,19871119,"대한민국의 기업인, 삼성 그룹, CJ 그룹,한솔 그룹,중앙일보의 창업주 (1910–1987)"
Q446878,거미,f,19801226,,대한민국의 가수
Q449147,강수연,f,19660818,20220507,대한민국의 배우 (1966–2022)
Q449397,최은희,f,19261120,20180416,대한민국의 배우 (1926–2018)
Q449590,정진석,m,19311207,20210427,대한민국의 천주교 성직자 가톨릭 추기경 (1931-2021)
Q450195,최주,m,19340101,20010101,대한민국의 금속공학자이며 대학교수이다.
Q4502171,김성령,f,19720215,,대한민국의 배우
Q4506047,Sergey Tsoy,m,19710207,,Russian politician
Q4516989,조혜연,f,19910313,,대한민국의 바둑 기사
Q4532603,허남식,m,19780324,,"제33,34,35대 부산광역시장"
Q456182,문소리,f,19700118,,"대한민국의 배우, 영화 감독"
Q456408,리분희,f,19681125,,조선민주주의인민공화국의 탁구 선수
Q456609,김옥빈,f,19940430,,대한민국의 배우
Q456828,자오즈민,f,19650108,,중국계 대한민국의 탁구인
Q457000,김옥균,m,19251209,20100301,Roman Catholic bishop (1925-2010)
Q459342,신현확,m,19201029,20070426,대한민국의 관료 겸 기업인 (1920–2007)
Q461374,송종국,m,19790405,,대한민국의 축구인
Q46316315,김영미,f,19940121,,대한민국의 여자 컬링 선수
Q463949,김정숙,f,19171224,19490922,조선민주주의인민공화국의 독립운동가
Q464372,김소연,f,19800213,,대한민국의 배우
Q464503,명성황후,f,18520908,18950820,대한제국 고종의 황후
Q464569,신민아,f,19890716,,"대한민국의 배우, 모델"
Q464574,김태희,f,19820625,,"대한민국 배우, 모델"
Q464623,정수정,f,19890418,,"대한민국의 가수이자 배우, 걸 그룹 f(x)의 멤버"
Q465248,쉬시위안,f,19690911,20250202,중화민국의 배우 (1976–2025)
Q465263,윤정희,f,19440730,20230119,대한민국의 영화배우 (1944–2023)
Q465489,박완서,f,19311020,20110122,대한민국의 소설가
Q466457,허정숙,f,19080716,19910605,조선민주주의인민공화국의 혁명가 (1902–1992)
Q466477,나혜석,f,18960418,19481210,대한민국의 예술가 (1897–1948)
Q468467,정주영,m,19151125,20010321,"대한민국의 기업인, 현대그룹의 창시자 (1915–2001)"
Q468490,장동건,m,19721006,,대한민국의 배우
Q469387,고려 광종,m,09250101,09750704,고려의 제4대 임금 (925–975)
Q469396,정도전,m,13420101,13981014,여말선초의 문신 (1342–1398)
Q469415,허정,m,18960408,19880918,한국독립당의 당원 (1896–1988)
Q469423,정몽주,m,13371122,13920404,고려 말의 문신
Q469432,흥선대원군,m,18520908,18980201,대한제국의 추존왕  (1820–1898)
Q470047,윤치영,m,18980210,19960209,대한민국의 정치인 (1898–1996)
Q47004960,민유숙,f,19591227,,South Korean lawyer and judge
Q47090316,이기복,m,19950718,,South Korean curler
Q471135,황장엽,m,19230217,20101010,"조선민주주의인민공화국의 정치인, 대한민국의 교수 (1923–2010)"
Q4713069,다니엘 베스,m,19780709,,미국의 배우
Q471695,임요환,m,19720909,,대한민국의 프로게이머
Q47354459,홍정은,f,19771003,,screenwriter from South Korea
Q4749844,안병훈,m,19650108,,대한민국의 골프 선수
Q475420,Paul Seidel,m,19690101,,German mathematician
Q47545729,이주형,m,19961015,,육상인
Q47630454,전소니,f,19540523,,대한민국의 배우
Q47665866,손새은,f,19940210,,South Korean golfer (1997-)
Q47667470,조은정,f,19771104,,South Korean TV announcer
Q47670274,김시학,m,19640101,,조선민주주의인민공화국의 정치인
Q48053717,이기정,m,19950718,,South Korean male curler
Q48159708,서명준,m,19900927,,대한민국의 프리스타일 스키 선수
Q482413,안중근,m,18620506,19100326,대한제국의 독립운동가 (1879–1910)
Q482457,안경호,m,19300118,20160101,조선민주주의인민공화국의 정치인
Q482615,김웅용,m,19690101,,"대한민국의 공학자, 신동"
Q482639,오상은,m,20060612,,South Korean table tennis player
Q482645,김일,m,19100320,19840309,"조선민주주의인민공화국의 독립운동가, 정치인"
Q482694,전태일,m,19480826,19701113,대한민국의 봉제 노동자 (1948–1970)
Q482708,함석헌,m,19010313,19890204,"대한민국의 독립운동가, 종교인, 언론인, 출판인, 기독교운동가, 시민사회운동가 (1901–1989)"
Q482738,권양숙,f,19460901,,대한민국의 전 영부인
Q482783,김준수,m,19861215,,"대한민국의 가수, 뮤지컬 배우"
Q482794,강영훈,m,19220530,20160510,"대한민국의 군인, 외교, 정치가 (1922–2016)"
Q482814,노회찬,m,19560831,20180723,대한민국의 정치인 (1956–2018)
Q482815,배영수,m,19820921,,대한민국의 야구선수
Q482817,조용기,m,19360214,20210914,대한민국의 개신교 목사 (1936–2021)
Q482818,리종옥,m,19160110,19990923,북한의 정치인(1916~1991)
Q482826,원수연,f,19690101,,대한민국의 만화가
Q482867,이한열,m,19660829,19870705,대한민국의 학생운동가
Q482877,백두진,m,19081007,19930905,대한민국의 정치인
Q482887,이종범,m,19980820,,대한민국의 남자 야구인
Q482889,윤영선,m,18961225,19880206,대한민국의 정치인
Q482893,성서 초등학생 실종 사건,,19851217,20020926,"1991년 대한민국 대구에서 발생한 초등학생 5명 실종, 살해당한 사건, 장기 미제 사건"
Q482900,윤웅렬,m,18400518,19111002,조선 말기의 무신 (1840–1911)
Q482910,신성모,m,18911020,19600529,"대한민국의 독립운동가, 정치인 (1891–1960)"
Q482917,이건,m,18770330,19901221,사동궁 종주 · 의친왕의 아들
Q482922,주시경,m,18761222,19140727,일제강점기의 언어학자 (1876–1914)
Q482957,강도하,m,19610112,,South Korean manhwa artist
Q482965,변영태,m,18921215,19690310,대한민국의 정치인 (1892–1969)
Q482991,태양,m,19860205,,대한민국의 가수
Q483010,흥친왕,m,18700625,19120909,대한제국의 황족
Q483035,이홍구,m,19340509,20260505,대한민국의 정치인 (1934–2026)
Q483105,하야카와 렌,f,19841006,,Japanese archer
Q483117,이충희,m,19601130,,대한민국의 농구 선수
Q483124,송요찬,m,19180213,19801018,대한민국의 군인 (1918–1980)
Q483128,장도영,m,19230123,20120803,"대한민국의 군인, 정치가 (1923–2012)"
Q483156,유창순,m,19180806,20100602,Prime Minister of South Korea (1918-2010)
Q483214,강성산,m,19310303,20000625,조선민주주의인민공화국의 정치인
Q483216,조경철,m,19290404,20100306,"대한민국의 천문학자, 수필가 (1929–2010)"
Q483218,정수근,m,19780304,,South Korean baseball player
Q483255,효령대군,m,13670524,14860101,조선 태종의 둘째 아들
Q483277,박용하,m,19770812,20100630,South Korean actor and singer (1977-2010)
Q483344,공지영,f,19610819,,대한민국의 소설가
Q483362,이회영,m,18670421,19321117,한국의 독립 운동가 (1867–1932)
Q483467,진안대군,m,13540101,13931221,조선 태조의 왕자
Q483517,백윤식,m,19780321,,대한민국의 배우
Q483537,김성재,m,19720418,19951120,대한민국의 가수 (1972–1995)
Q483571,이승기,m,19921105,,"대한민국의 가수, 배우"
Q483578,변희봉,m,19420608,20230918,대한민국의 배우 (1942–2023)
Q483621,권상우,m,19800819,,대한민국의 배우
Q483661,김효진,f,19760413,,대한민국의 배우
Q483668,이순재,m,19341116,20251125,"대한민국의 배우, 정치인 (1934–2025)"
Q483683,CL,f,19600516,,가수
Q483689,무정,m,19050101,19510710,조선민주주의인민공화국의 군인
Q483773,한재석,m,19780103,,South Korean actor
Q483798,백건우,m,19440730,,대한민국의 피아니스트
Q483800,리영호,m,19421005,20120701,조선민주주의인민공화국의 군인
Q483892,이재룡,m,19690124,,대한민국의 배우
Q483908,길재,m,13530101,14190101,여말선초의 문신 (1353~1419)
Q483926,김형준,m,19901229,,"대한민국의 가수, 배우"
Q483927,브루스 커밍스,m,19580101,,"American East Asian historian, professor, lecturer and author"
Q483953,기태영,m,19810303,,대한민국의 남자 배우
Q483957,정태우,m,19940418,,대한민국의 배우
Q484002,이준,m,18591218,19070714,대한제국의 외교관
Q484024,송영길,m,19300101,,대한민국의 정치인
Q484027,JOO,f,19941004,,대한민국의 가수
Q484095,김기수,m,19390917,19970610,대한민국의 권투선수 (1939–1997)
Q484134,우범곤,m,19551105,19820427,"대한민국 경찰관, 범죄자 (1955–1982)"
Q484157,하야카와 나미,f,19870824,,Japanese archer
Q484197,남현희,f,19860101,,대한민국의 여자 펜싱인
Q484286,일연,m,12060101,12890701,고려의 승려 (1206–1289)
Q484328,이상우,m,19801102,,대한민국의 배우
Q484366,민효린,f,19880518,,"대한민국의 배우, 가수"
Q484380,문성근,m,19180602,,"대한민국의 배우, 정치인"
Q484399,이미연,f,19690224,,대한민국의 배우
Q484400,송강호,m,19960729,,대한민국의 배우
Q484403,유니,f,19810503,20070121,South Korean singer and actress (1981-2007)
Q484459,이범석,m,19001020,19720511,"대한민국의 초대 (제1대) 국무 총리, 정치인, 일제 강점기 독립 운동가이자 군인 (1900–1972)"
Q484484,종현,m,19900408,20171218,대한민국의 가수 (1990–2017)
Q484522,김지운,m,19561010,,대한민국의 영화 감독
Q484526,김다울,f,19890531,20091119,South Korean model (1989-2009)
Q484533,유상철,m,19711018,20210607,대한민국의 축구인 (1971–2021)
Q484560,정다빈,f,19800304,20070210,대한민국 여성 배우 (1980~2007)
Q484564,김동문,m,19761125,,대한민국의 배드민턴 선수
Q484572,홍상수,m,19290101,,"대한민국의 영화 감독, 각본가"
Q484674,이을용,m,20020728,,대한민국의 축구 지도자
Q484751,김성집,m,19190113,20160220,대한민국의 역도선수 (1919–2016)
Q484787,공효진,f,19900829,,대한민국의 배우
Q484824,이의민,m,,11960507,military dictator of Goryeo
Q484828,김지후,m,19850405,20081006,South Korean actor and model (1985–2008)
Q484840,송일국,m,19450905,,대한민국의 배우
Q484856,박희순,m,19810401,,대한민국의 배우 (1970년 출생)
Q484859,소지섭,m,19940325,,대한민국의 배우
Q484866,의민황태자,m,18971020,19700501,대한제국의 황태자
Q484886,소연,f,19961117,,대한민국의 가수이자 배우 (1987년 출생)
Q4848967,박일,m,19491107,20190731,대한민국의 성우 겸 배우 (1946–2019)
Q484960,김무생,m,19430316,20050416,대한민국의 배우 (1940–2005)
Q485015,안재환,m,19720425,20080908,South Korean actor (1972-2008)
Q485059,신해철,m,19680506,20141027,"대한민국의 음악가, 라디오 DJ"
Q485078,김남주,f,19690224,,대한민국의 배우
Q485089,선우휘,m,19220103,19860612,"대한민국의 언론인이자 소설가, 수필가 (1922–1986)"
Q485168,안재욱,m,19800704,,"대한민국의 배우, 가수"
Q485170,이덕화,m,19190720,,대한민국의 배우
Q485183,함흥철,m,19301117,20000911,대한민국의 축구인 (1930-2000)
Q485218,이기영,m,18960506,19840809,Korean writer (1896–1984)
Q485283,류환길,m,19620923,20090421,South Korean boxer (1962-2009)
Q485293,장효희,m,19480101,20031202,minister (1948–2003)
Q485308,이청아,f,19500101,,"대한민국의 배우, 모델"
Q485359,정남식,m,19170216,20050405,대한민국의 축구인 (1917-2005)
Q485387,강혜정,f,19800722,,대한민국의 배우
Q485424,연형묵,m,19311103,20051023,조선민주주의인민공화국의 정치인
Q485466,정석원,m,19760325,,대한민국의 배우
Q485517,송중기,m,19811122,,대한민국의 배우
Q485556,조선 정종,m,13570709,14191005,조선의 제2대 임금 (1357–1419)
Q485560,김형칠,m,19590701,20061207,South Korean equestrian (1959-2006)
Q485574,김근태,m,19470214,20111230,대한민국의 정치인 (1947–2011)
Q485578,경순왕,m,09510101,09780513,신라의 제56대 국왕 (897~978)
Q485587,고려 혜종,m,09120101,09451023,고려의 2대 임금 (912–945)
Q485604,덕혜옹주,f,18971020,19890421,대한제국 고종의 황녀 (1912–1989)
Q485622,리근모,m,19260405,20010101,조선민주주의인민공화국의 정치인 (1926–2001?)
Q485640,이하늬,f,19810111,,대한민국의 배우
Q4857706,윤택영,m,18940820,19351024,"조선의 문신, 대한제국의 관료 (1876–1935)"
Q485829,김우중,m,19361219,20191209,"대한민국의 기업인, 대우 창업주 (1936-2019)"
Q485871,이기형,m,20001014,,대한민국의 축구 지도자
Q485894,이요원,f,19830703,,대한민국의 배우
Q485905,유재석,m,19810604,,"대한민국의 희극인, 방송인"
Q485911,윤상현,m,19790910,,"대한민국의 배우, 가수"
Q486028,이상,m,19100820,19370417,"한국의 시인, 소설가 (1910–1937)"
Q486074,보람,f,19610316,,"South Korean singer and actress, member of girl group T-ara"
Q486079,김자옥,f,19511011,20141116,대한민국의 배우 (1951–2014)
Q486134,채리나,f,19840121,,South Korean singer
Q486151,채시라,f,19690905,,대한민국의 배우
Q486177,이미숙,f,19471216,,대한민국의 배우
Q486180,김여진,f,19720101,,대한민국의 배우
Q486234,이순우,m,11500101,11960101,Goryeo civil servant (? - 1196)
Q486241,조재현,m,19890325,,대한민국의 배우
Q486251,양녕대군,m,13670524,14620907,조선 태종의 왕자 (1394–1462)
Q486262,이인임,m,13120101,13880101,고려 말기의 권신
Q486273,이준용,m,18700625,19170322,대한제국의 황족
Q486331,한정수,m,19221103,,대한민국의 배우
Q486349,조윤옥,m,19400225,20020622,대한민국의 축구인 (1940-2002)
Q486369,최순호,m,19881013,,대한민국의 축구 지도자
Q486374,김두한,m,19180515,19721121,"대한민국의 정치가, 건달 (1918–1972)"
Q486377,최정민,m,19300830,19831208,대한민국의 축구인 (1930-1983)
Q486416,백선엽,m,19201123,20200710,"대한민국의 군인출신 정치가, 외교관, 기업인, 교육인, 사회운동가. (1920–2020)"
Q48645209,오승윤,m,19051224,20060113,대한민국의 서양화가 (1939–2006)
Q486518,이다해,f,19841109,,대한민국의 배우
Q486553,이자겸,m,10500101,11260101,고려의 문신
Q486559,이세돌,m,19750322,,대한민국의 바둑 기사
Q486569,문현진,m,19200106,,Chairman of Global Peace Festival (born 1969)
Q486594,류효영,f,19930422,,"대한민국의 가수, 배우, 모델"
Q486599,신동빈,m,19211103,,대한민국의 기업인. 롯데 창업주의 아들
Q486611,조진호,m,19730802,20171010,대한민국의 축구인 (1971-2017)
Q486627,정해원,m,19590701,20200501,대한민국의 축구인 (1959–2020)
Q486635,정용환,m,19600210,20150607,대한민국의 축구인 (1960–2015)
Q486644,윤기원,m,19870520,20110506,대한민국의 축구 선수 (1987-2011)
Q486681,숭산,m,19270801,20041130,Korean Buddhist monk (1927-2004)
Q486706,김성일,m,19900915,,대한민국의 남자 쇼트트랙 선수
Q486714,김온아,f,19910107,,South Korean handball player
Q486847,유영진,m,19741207,,"대한민국의 작사가, 작곡가 겸 프로듀서"
Q486900,김태영,m,19490113,20250226,대한민국의 군인 (1949–2025)
Q486959,김새론,f,20000731,20250216,대한민국의 여배우 (2000–2025)
Q486995,류화영,f,19930422,,대한민국의 배우
Q487020,윤진희,f,19901209,,South Korean weightlifter
Q487187,춘성,m,18910829,19770626,대한민국의 승려 (1891–1977)
Q487273,한설야,m,19000830,19760406,일제강점기의 소설가 (1900–1976)
Q487275,남승룡,m,19121123,20010220,대한민국의 체육인 (1912-2001)
Q487289,성혜림,f,19370124,20020518,"조선민주주의인민공화국의 배우, 김정일의 배우자"
Q487293,한창화,m,19221103,20060418,대한민국의 축구인 (1922-2006)
Q487301,박재승,m,19230401,20150312,대한민국의 축구인 (1923–2015)
Q487323,김득구,m,19590108,19821118,대한민국의 권투 선수 (1956–1982)
Q487340,장진영,f,19720614,20090901,대한민국의 여배우 (1972–2009)
Q487406,오세종,m,19821009,20160627,South Korean short track speed skater (1982–2016)
Q487550,허준,m,15460101,16151009,조선시대의 의학자
Q487728,의친왕,m,18971020,19550815,대한제국 고종의 황자
Q487876,여홍철,m,20020220,,대한민국의 남자 체조인
Q487885,진갑용,m,20030905,,대한민국의 야구인
Q487979,하하,m,19831022,,"대한민국의 가수, 방송인, 배우"
Q488015,조윤희,f,19800726,,대한민국의 배우
Q488025,고현정,f,19680919,,대한민국의 배우
Q488038,윤승아,f,19820522,,대한민국의 배우
Q488093,라경민,f,19750922,,대한민국의 배드민턴 선수
Q488106,노민우,m,19941113,,"대한민국의 배우, 가수"
Q488312,임권택,m,19810702,,대한민국의 영화 감독
Q488446,정몽구,m,19151125,,"대한민국의 기업인, 현대자동차그룹의 회장"
Q488500,조선 익조,m,12500101,,조선 태조의 증조부
Q488600,문희준,m,19910515,,"대한민국의 가수, 배우"
Q488666,조선 목조,m,13000101,12740101,조선 태조의 고조부
Q488670,익안대군,m,13670524,14041005,조선 태조의 왕자
Q488697,조선 도조,m,13490101,13420724,"조선의 추존국왕, 태조의 할아버지 (?–1342)"
Q488700,회안대군,m,13670524,14210318,조선 태조의 왕자
Q488742,최철한,m,19881102,,대한민국의 바둑 기사
Q488752,손병희,m,18870101,19220519,Korean independence activist (1861-1922)
Q488817,정우성,m,20240301,,대한민국의 배우
Q488866,서향순,f,19630309,,South Korean archer
Q489006,유이,f,19620503,,대한민국의 가수였던 배우. 걸그룹 애프터스쿨의 전 멤버
Q489036,차인표,m,19690307,,"대한민국의 배우, 감독, 소설가"
Q489067,김승우,m,19710923,,대한민국의 배우
Q489091,박예진,f,19700213,,대한민국의 배우 (1981년 출생)
Q489173,서지수,f,19881004,,대한민국의 前 스타크래프트 프로게이머 現 인터넷 방송인
Q489279,김형직,m,19200921,19260605,일제 강점기의 독립운동가 (1894–1926)
Q489290,김문수,m,19640101,,대한민국의 배드민턴 선수
Q489323,조병옥,m,19321126,19600215,"대한민국의 독립운동가, 교육자, 경찰관, 정치인 (1894–1960)"
Q489462,채림,f,19651213,,대한민국의 배우
Q489475,유지태,m,19840210,,대한민국의 배우
Q489575,백지영,f,19850516,,대한민국의 가수
Q489667,손호영,m,19770724,,대한민국의 가수 (1980-)
Q489681,이선균,m,19760810,20231227,대한민국의 남자 배우 (1975–2023)
Q489737,이석,m,18770330,,"대한제국 황족 후손, 가수"
Q489778,이동휘,m,18950101,19350131,한국의 독립운동가 (1873–1935)
Q489867,김기태,m,19960712,,대한민국의 남자 야구인
Q489874,심은하,f,19650516,,대한민국의 배우
Q489934,김정화,f,19770103,,대한민국의 배우
Q489952,유진,f,19781209,,대한민국의 배우
Q490001,김좌진,m,19450905,19300124,"한국의 군인, 청산리 전투의 지휘관 (1889–1930)"
Q490114,정몽준,m,19151125,,"정치인 가문이며, 기업인"
Q490120,설경구,m,19730607,,대한민국의 배우
Q490130,정준호,m,19790312,,대한민국의 배우
Q490170,이지아,f,19720221,,대한민국의 배우
Q490192,주현미,f,19570606,,대한민국의 여자 가수
Q490410,하정우,m,19460508,,대한민국의 배우
Q490822,허담,m,19300101,19910511,조선민주주의인민공화국의 정치인
Q490905,이완,m,19800329,,한국 배우
Q490938,양현석,m,19810309,,전 YG엔터테인먼트 대표
Q491013,윤여정,f,19450513,,대한민국의 배우
Q491079,기황후,f,12660101,13690101,원 혜종의 황후
Q491095,주상욱,m,19850716,,대한민국의 배우
Q491143,최민수,m,19280225,,"대한민국의 배우, 가수"
Q491240,윤봉길,m,19590503,19321219,일제강점기 조선의 독립운동가 (1908–1932)
Q491363,김주혁,m,19430316,20171030,대한민국의 배우 (1972–2017)
Q491392,연정훈,m,19820202,,대한민국의 배우
Q491397,박솔미,f,19730812,,South Korean actress
Q491419,최진영,m,19681224,20100329,"대한민국의 배우, 가수 (1970–2010)"
Q491482,이천희,m,19880617,,"대한민국의 배우, 패션 모델"
Q491555,함태영,m,19320226,19641024,대한민국의 정치인 (1873–1964)
Q491580,문정혁,m,19910224,,"대한민국의 래퍼, 배우"
Q49161810,정재원,m,19990602,,대한민국의 스피드스케이팅 선수
Q491750,이해원,f,18770330,20200208,이기용의 양녀 · 의친왕의 딸
Q491763,지성,m,19790112,,대한민국의 배우
Q491807,이보영,f,19770227,,"대한민국의 배우, 모델"
Q492243,이희준,m,19840618,,South Korean actor
Q49249362,문공유,m,11220101,11590101,Goryeo civil servant (1088 - 1159)
Q49249599,이지순,m,,,
Q492515,민규동,m,19710101,,영화 감독
Q492582,허영호,m,19910225,,대한민국의 바둑 기사
Q492666,손나은,f,19971110,,대한민국의 여자 배우이자 걸 그룹 에이핑크 이전 멤버
Q492756,박인천,m,19370810,19840616,"기업가, 금호그룹 창업주"
Q492802,이동훈,m,19860220,,대한민국의 피겨스케이팅 선수
Q492997,이동건,m,19821013,,"대한민국의 배우, 전 가수"
Q493021,최수종,m,19691029,,대한민국의 배우
Q493026,송윤아,f,19680501,,"대한민국의 배우, 모델"
Q493090,별,f,19790820,,대한민국의 가수
Q493135,조영남,m,19470619,,대한민국의 가수
Q493322,이영구,m,19930324,,대한민국의 바둑 기사
Q4933414,조성근,m,18950101,19380515,Korean (1876 - 1938)
Q4934381,김을동,f,19180515,,"대한민국의 정치인, 연기자"
Q493455,전노민,m,19571231,,대한민국의 배우
Q4935136,이형근,m,19220722,20020113,일제와 대한민국의 군인
Q4935832,백인엽,m,19201123,20131214,"대한민국의 육군 장성, 교육행정가"
Q493597,최태준,m,19900218,,대한민국의 배우
Q493659,고려 정종,m,08770204,09490101,고려의 제3대 임금 (923–949)
Q493691,김무열,m,19830929,,대한민국의 배우
Q493692,고려 경종,m,09250101,09810818,고려의 제5대 임금 (955–981)
Q493752,고려 덕종,m,10210101,10341106,고려의 제9대 임금 (1016–1034)
Q493857,윤지민,f,19790523,,대한민국의 배우
Q493891,윤치창,m,18400417,19730101,일제강점기의 기업가 (1899–1973)
Q493893,고려 의종,m,11440818,11731114,고려의 제18대 임금 (1127–1173)
Q493901,조혜정,f,19490420,20241030,대한민국의 배구인 (1953–2024)
Q493930,고려 신종,m,11270530,12040222,고려의 제20대 임금 (1144–1204)
Q493946,고려 희종,m,11440818,12370831,고려의 제21대 임금 (1181–1237)
Q493995,최덕신,m,19210214,19891114,대한민국과 조선민주주의인민공화국의 정치인
Q494074,고려 공민왕,m,13640101,13741104,고려의 제31대 임금 (1330–1374)
Q494097,이서진,m,19410101,,대한민국의 배우
Q494144,이상룡,m,18651104,19320101,"대한민국 임시정부 초대 국무령, 독립운동가 (1858–1932)"
Q494190,장나라,f,19760807,,"대한민국의 배우, 가수"
Q494222,성민,m,19850408,,"대한민국의 가수, 배우"
Q494239,오세훈,m,19610122,,"대한민국의 제16대 국회의원, 제33·34·38·39·40대 서울특별시장"
Q494290,신중현,m,19690223,,대한민국의 록 음악 싱어송라이터 및 기타리스트
Q494334,줄리엔 강,m,19770917,,대한민국의 모델 및 배우
Q494412,이건희,m,19420109,20201025,대한민국의 기업인 (1942–2020)
Q494431,조승희,m,19840118,20070416,한국 출신 미국 영주권자 총기난사범 (1984–2007)
Q494507,김명순,f,18960120,19510622,한국의 작가 (1896–1951)
Q494513,이애정,f,19870317,20070906,대한민국의 배우 (1987–2007)
Q494535,박인덕,f,18960924,19800403,"대한민국의 교수, 사상가, 언론인, 작가 (1896–1980)"
Q494597,박성철,m,19130902,20081028,조선민주주의인민공화국의 정치가 (1913–2008)
Q494662,박태준,m,19270929,20111213,"대한민국의 군인 출신 기업가, 정치인 (1927–2011)"
Q494705,이휘소,m,19350101,19770616,한국계 미국인 이론물리학자 (1935–1977)
Q494712,김홍도,m,17450101,18060101,조선 후기의 화가 (1745–1806?)
Q494787,이시영,m,18681203,19530419,"대한민국의 초대 부통령, 독립운동가, 교육자"
Q494851,은지원,m,19260101,,"대한민국의 가수, 래퍼"
Q494856,원빈,m,19790222,,대한민국의 배우
Q494880,고미영,f,19670303,20090711,대한민국의 산악인
Q494996,구하라,f,19910103,20191124,대한민국의 가수이자 배우 (1991-2019)
Q495000,박규리,f,19480210,,"대한민국의 가수 겸 배우, 걸 그룹 카라의 구성원이다."
Q495069,한선화,f,19941224,,"대한민국의 가수, 배우 (1990년 출생)"
Q495407,유준상,m,19800217,,대한민국의 배우
Q495454,이광수,m,18920304,19501025,대한민국의 문학가 (1892–1950)
Q495463,조남철,m,19231130,20060702,대한민국의 바둑 기사 (1923–2006)
Q495480,김책,m,19030814,19510131,조선민주주의인민공화국의 정치인 (1903–1951)
Q495505,리승기,m,19051001,19960208,조선민주주의인민공화국의 화학자 (1905–1996)
Q495510,박중양,m,18720503,19590423,일제강점기의 정치인
Q495636,김부식,m,10750101,11510101,고려의 역사가
Q495668,문태종,m,19780210,,미국 농구 선수
Q495748,신상옥,m,19261011,20060411,대한민국의 영화 제작자 (1926–2006)
Q495792,홍용호,m,19061012,20000101,North Korean  Catholic bishop
Q495870,오연교,m,19600525,20000927,대한민국의 축구인 (1960-2000)
Q495890,최영수,m,19420302,20090831,South Korean Roman Catholic archbishop (1942-2009)
Q495964,안향,m,12430101,13060101,고려의 문신 (1243–1306)
Q495980,봉준호,m,19320910,,대한민국의 영화 감독
Q496004,장성택,m,19460122,20131212,"북한의 정치가, 군인 (1946–2013)"
Q496008,홍덕영,m,19210505,20050913,대한민국의 축구인 (1926–2005)
Q496041,이유형,m,19110121,20030129,대한민국-일본의 축구인 (1991-2003)
Q496051,김용식,m,19100725,19850308,대한민국의 축구인 (1910-1985)
Q496092,노진규,m,19920720,20160403,대한민국의 쇼트트랙 선수 (1992–2016)
Q496138,박정배,m,19670219,20171111,대한민국의 축구인 (1967-2017)
Q496170,박산다라,f,19901007,,대한민국의 가수
Q496205,여운형,m,19270829,19470719,"대한민국의 독립운동가, 정치인 (1886–1947)"
Q496210,김선일,m,19700913,20040622,"통역자, 테러 희생자"
Q496237,윤미래,f,19740729,,미국 출신의 대한민국 여자 가수
Q496252,최창익,m,18960229,,"일제강점기의 독립운동가, 공산주의 (1896–1960)"
Q496310,윤치왕,m,18950217,19821221,한국의 의료인 (1895–1982)
Q496318,이수철,m,19660520,20111018,대한민국의 축구인 (1966-2011)
Q496356,고소영,f,19720307,,대한민국의 배우
Q496384,이민정,f,19700712,,대한민국의 배우 (1982년 출생)
Q496386,안익태,m,19061205,19650916,한국의 음악가 (1906–1965)
Q496413,박하선,f,19790905,,대한민국의 배우
Q496421,이구,m,19011104,20050716,회은황세손(사시·私諡)
Q496429,유현목,m,19250702,20090628,대한민국의 영화 감독
Q496439,한가인,f,19781106,,대한민국의 배우
Q496466,이나영,f,19771110,,대한민국의 배우
Q496491,김수현,m,19600101,,대한민국의 배우
Q496501,설리,f,19940329,20191014,대한민국의 배우이자 가수 (1994–2019)
Q496509,이회창,m,19050510,,대한민국의 정치인
Q496572,김윤옥,f,19411219,,대한민국의 영부인
Q496594,신익희,m,18940101,19560505,대한민국의 정치인 (1894–1956)
Q496599,김원봉,m,18980813,19580101,"일제강점기의 독립운동가, 정치인(1898–1958)"
Q496627,이철승,m,19220515,20160227,"대한민국의 학생운동가, 정치인 (1922-2016)"
Q496634,윤영렬,m,18540415,19390101,"일제강점기의 군인, 정치가 (1854–1939)"
Q496660,장준하,m,19180827,19750817,"대한민국의 언론인, 정치가, 사회운동가 (1918–1975)"
Q496679,정원식,m,19280805,20200412,대한민국의 정치인 (1928–2020)
Q496753,하륜,m,13471222,14161106,고려 말 조선 초의 문신
Q496799,강감찬,m,09481227,10310915,고려의 문인 (948-1031)
Q4968027,문경자,f,19930206,,Olympic medalist in basketball
Q4968085,이보익,f,18711003,19591018,조선 사람 (1876–1959)
Q496828,김소월,m,19020806,19341224,한국의 시인
Q496842,견미리,f,19901122,,대한민국의 배우이자 가수
Q496868,엄태웅,m,19690817,,대한민국의 배우
Q496948,윤관,m,10400712,11110615,고려의 무신 (?–1111)
Q496994,지한재,m,19360801,20260128,대한민국의 무술인 홍콩의 배우 (1936–2026)
Q497083,최무선,m,13250101,13950101,고려의 무신 (1330–1395)
Q497120,이제현,m,12870101,13670101,고려의 문신 (1287–1367)
Q497141,노금석,m,19320110,20221226,조선민주주의인민공화국의 군인 (1932–2022)
Q497151,박영석,m,19631102,20111001,대한민국의 산악인이자 탐험가 (1963-2011)
Q497174,한학자,f,19200106,,세계평화통일가정연합의 총재
Q4971884,박찬숙 (농구 선수),f,19650522,,South Korean basketball player (born 1959)
Q497270,홍성흔,m,20050221,,대한민국의 남자 야구인
Q497301,김수근,m,19310220,19860614,대한민국의 건축가 (1931–1986)
Q497392,정숙왕후,f,,,조선 익조의 왕비
Q497404,신태용,m,20010604,,대한민국의 축구 지도자
Q497413,효공왕후,f,,13000101,조선 목조의 왕비
Q497438,완창대군,m,13050101,,조선 도조의 왕자
Q497473,조선 환조,m,13150101,13610508,조선의 추존국왕 태조의 아버지 (1315–1360)
Q497507,의혜왕후,f,,,조선 환조의 왕비
Q497690,앙드레 김,m,19350824,20100812,대한민국의 패션 디자이너 (1935–2010)
Q497693,공효석,m,19810929,,South Korean bicycle racer
Q497736,로프 란스베르헌,m,19600225,20220101,네덜란드의 축구인 (1960–2022)
Q497785,박신혜,f,19910707,,대한민국의 배우 (1990년 출생)
Q4978038,성정아,f,20001023,,South Korean Olympic medalist in basketball
Q498050,염정환,m,19851201,20140218,South Korean bicycle racer (1985-2014)
Q498053,이기영,m,19610107,,대한민국의 배우
Q498199,송지은,f,19870313,,대한민국의 가수이자 배우
Q498243,노선영,f,19920720,,대한민국의 스피드 스케이팅 선수
Q498285,고우영,m,19380927,20050425,South Korean manhwaga
Q498343,팝핀현준,m,19770910,,"South Korean dancer, singer and rapper"
Q498489,박철수,m,19481120,20130219,대한민국의 영화 감독 (1948-2013)
Q498707,무안대군,m,13810101,13980903,조선 태조의 왕자
Q498713,덕안대군,m,13670524,,조선 태조의 왕자
Q498905,강성훈,m,19820429,,대한민국의 가수
Q4991757,김응우,m,18711003,18781004,조선의 무신 (1848–1878)
Q4991767,김철주,m,19200921,19350614,조선민주주의인민공화국의 독립운동가 (1916–1935)
Q4991786,김형권,m,18711003,19360112,조선의 독립운동가 (1905–1936)
Q4991790,김보현,m,18940710,19550902,한반도의 농업인 (1871–1955)
Q4991838,이동원,m,19610101,20060101,대한민국의 정치인 (1926–2000)
Q49967735,정재웅,m,20010621,,South Korean speed skater
Q50357191,천민희,f,19820706,,대한민국의 배우
Q50420882,조유민,m,19871005,,대한민국의 남자 축구 선수
Q5045600,정상영,m,19620101,20210130,"대한민국의 기업가, KCC 회장 (1936–2021)"
Q50641143,Tomoko Kaneda,f,19370416,,Japanese enka singer
Q5071636,장기려,m,19350920,19951225,대한민국의 외과 의사 (1911–1995)
Q5071680,장욱진,m,19200903,19901227,대한민국의 화가 (1917–1990)
Q50973131,명정강,f,19381104,20180323,"대한민국의 드럼 연주자, 배우"
Q5103936,최민환,m,19971127,,대한민국의 가수 겸 배우
Q5103939,최무룡,m,19620327,19991111,"대한민국의 배우, 감독 (1928–1999)"
Q5103979,최원우,m,19620110,,대한민국의 축구 선수
Q5115173,주요한,m,19021124,19791117,한국의 작가 (1900–1979)
Q5116286,정의선,m,19380319,,대한민국의 기업가
Q513352,박영순,f,19560822,19870714,조선민주주의인민공화국의 여자 탁구인
Q516158,조명록,m,19280712,20101106,"조선민주주의인민공화국의 군인, 정치가, 외교관 (1928–2010)"
Q517090,엄혜원,f,19890822,,대한민국의 배드민턴 선수
Q51954789,조현민,f,19490308,,대한민국에서 활동하는 한국계 미국인 기업인
Q52041837,Helen Silving-Ryu,f,19150705,19930226,Austrian-American jurist and university teacher
Q5249793,정아,f,19880124,,대한민국의 인터넷 쇼핑몰. 걸그룹 애프터스쿨의 전 멤버
Q5257517,Denis Shmarov,m,19650223,,러시아 남자 축구 선수
Q5285889,김용옥,m,19460129,,"대한민국의 철학자,언론인,방송작가,대학 교수"
Q52990877,최의근,m,19440101,,연구원
Q5354467,장성우,m,19460122,20090824,조선민주주의인민공화국의 정치인
Q5356443,김우빈,m,19840405,,대한민국의 배우
Q5360259,일라이,m,19871205,,South Korean-American singer and rapper
Q541255,린아,f,19811213,,"대한민국의 가수, 뮤지컬 배우"
Q54868073,고경택,m,19520626,19990101,김정은의 조부
Q54981960,김숙희,f,19480614,,대한민국의 교육학자 출신 정치인
Q54981984,오소영,f,19520101,,대한민국의 조각가
Q553052,지순탁,m,19120101,19930901,South Korean artist
Q55616008,김성희,m,19681229,,North Korean table tennis player
Q55694544,최예나,f,19951207,,대한민국의 가수 (1999년 출생)
Q55727984,김교창,m,19680222,20260127,대한민국의 변호사
Q55728067,김만호,m,19910415,,South Korean physician
Q55728172,김성훈,m,19690319,20191123,대한민국의 야구 선수 (1998-2019)
Q55728317,김재호,m,19390101,,대한민국의 언론인
Q55728429,김탁원,m,18990203,19400314,
Q55728630,남궁근,m,19800904,,제10대 서울과학기술대학교 총장을 역임한 대한민국의 행정학자
Q55728779,노엘,m,19670413,,대한민국의 래퍼
Q55728795,노태악,m,19600408,,대한민국의 법조인
Q55729670,명재용,m,20010524,,대한민국의 축구 지도자
Q55729676,명현관,m,19880706,,South Korean politician
Q55729811,문재숙,f,19830302,,South Korean gayageum player
Q55730002,박성우 (1995년),m,19951011,,대한민국의 축구 선수 (1995년 출생)
Q55730170,방용훈,m,19221126,20210218,대한민국의 기업가 (1952–2021)
Q55730792,서동주,f,19601125,,"대한민국의 변호사 출신 작가, 방송인"
Q55730897,서진호,f,19660927,,South Korean actress
Q55731282,승명호,m,19211121,,South Korean businessperson
Q55731749,양삼승,m,19121122,,South Korean lawyer and judge
Q55732193,오승록,m,19970515,,제13·14대 서울특별시 노원구청장
Q55732720,유승정,,19311216,,South Korean lawyer and judge
Q55732903,윤김지영,f,19790805,,대한민국의 여성주의 철학자
Q55733169,이명희,f,19490308,,전 일우재단 이사장
Q55733398,이재철,m,19490101,19991217,전 교통부차관
Q55733450,이지민,f,19690201,,대한민국 여배우
Q55733473,차서원,m,19861104,,대한민국의 배우
Q55733700,임종헌 (법조인),m,19560101,,South Korean judge and lawyer
Q55733843,장제국,m,19670413,,South Korean academic
Q55734052,정기선,m,19511007,,대한민국의 기업인
Q55734065,정동균,m,19960325,20240803,"대한민국의 정치인, 기업인 (1960–2024)"
Q55734183,정태리,f,19820323,,대한민국의 배우
Q55735663,하지현,m,19410413,,South Korean psychiatrist
Q55735777,한대현,m,19100101,,대한민국의 법조인 (1941–2024)
Q55735806,한성수,m,19380101,19880506,대한민국의 법조인 (1910–1988)
Q55736005,현빈 심씨,f,13820101,,의안대군의 부인
Q55736105,홍지영,f,19700912,,대한민국의 영화 감독
Q55736106,홍지윤,f,19880727,,대한민국의 배우 (1991년 출생)
Q55737080,박성현,m,19120101,,"대한민국의 칼럼니스트, 저술가"
Q55737306,선혜옹주,f,13600101,14560404,
Q5610843,오연수,f,19700220,,대한민국의 배우
Q562189,정재성,m,19820825,20180309,대한민국의 배드민턴 선수
Q56236767,여서정,f,19710528,,대한민국의 여자 체조 선수
Q562453,박성수,m,19700519,20250827,대한민국의 양궁인 (1970–2025)
Q562516,최용술,m,19041109,19860615,대한민국의 합기도 창시자 (1899–1986)
Q56251726,도윤경,f,19680101,20150328,연구원
Q56256518,김삼석,m,19641023,,Pro-North Korean spy
Q562683,문형진,m,19200106,,South Korean unificationist leader
Q56274053,김병주,m,19670101,,미국의 기업인
Q562837,손완호,m,19910729,,대한민국의 배드민턴 선수
Q56325414,Hyuk Lee,m,20070105,,South Korean pianist
Q5636423,하길종,m,19470514,19790228,South Korean film director (1941–1979)
Q5636447,하성민 (축구 선수),m,19850302,,대한민국의 축구 선수
Q56432609,조동혁,m,19290130,,한솔그룹 명예회장
Q56432838,조동만,m,19290130,,"기업가, 한솔아이글로브 회장"
Q56432855,조범석,m,19250805,,일제강점기의 금융인
Q56433189,조동길,m,19290130,,"기업가, 한솔그룹 회장"
Q56433211,안영주,f,19551130,,금융인 안영모의 자녀
Q56433228,한경록,m,19500101,,법조인 한상호의 자녀
Q56433230,조나영,f,19551130,,기업가 조동길의 자녀
Q56433373,손복남,f,19310620,,일제강점기 관료 손영기의 자녀
Q56433792,김상준,m,18960825,,"대한민국의 기업인, 삼양염업 명예회장"
Q56434241,김태령,f,19390101,,일민미술관 관장
Q56434316,김남,m,18911011,,윤보선 대통령의 비서
Q56434331,김상석,m,18911011,,인촌 김성수의 자녀
Q56434339,윤성선,f,18980210,,숙명여자대학교 교수
Q56434585,손진실,f,18990101,,독립운동가 손정도의 자녀
Q56434653,손명원,m,19090505,,"기업인, 전 쌍용자동차 사장"
Q56434662,손정희,f,19700413,,전시기획자
Q56434882,김영애,f,19180814,,모건스탠리 부사장
Q56434915,김영숙,f,19180814,,정치인 김동조의 자녀
Q56434940,김영자,f,19180814,,정치인 김동조의 자녀
Q56434961,허광수,m,19500620,,"대한민국의 기업가, 삼양인터내셔널 회장"
Q56434988,김민영,m,19180814,,한국외국어대학교 교수
Q56435674,정봉식,m,19151125,,기업가 정주영의 아버지
Q56435719,정경희,f,19151125,,기업가 정주영의 자녀
Q56435849,정은희,f,19340101,,기업가 정몽필의 자녀
Q56435874,박문순,f,19450101,,성곡미술관 관장
Q56435884,김지용,m,19450101,,전 용평리조트 상무
Q56435896,정유희,f,19340101,,기업가 정몽필의 자녀
Q56441583,정명이,f,19600411,,현대카드 브랜드부문장
Q56441616,정도원,m,19721020,,삼표그룹 회장
Q5646626,한강,f,19391013,,"대한민국의 소설가, 수필가, 시인"
Q5646649,한무숙,f,19311227,19930130,"한국의 소설가, 삽화가, 극작가, 수필가"
Q56476186,장원영,f,20010505,,대한민국의 가수
Q5648797,한나 브랜트,f,19921218,,American ice hockey player
Q56489891,유상임,m,19280303,,연구원
Q56516033,윤용호,m,19690307,,대한민국의 조정 선수
Q56516034,윤남호,m,19650710,,대한민국의 조정 선수
Q56526044,김병건,m,19340724,,전 동아 일보 부사장
Q56526069,이지원,f,19341205,,정치인 이한동의 자녀
Q56526124,허유정,f,19741022,,기업가 허광수의 자녀
Q56526162,윤순명,f,18961225,,오당 윤영선의 자녀
Q56526265,이주연,f,19780101,,수원대 총장 이인수의 자녀
Q56651387,조명희,m,19150101,19710101,"기업가 조중훈의 아버지, 직물도매상"
Q56651392,조중열,m,18950101,,"대한민국의 기업가, 전 한일개발 회장"
Q56651402,박태원,m,19280101,,"KAIST 이사장, 인하대 총장"
Q56651406,조도원,f,18950101,,중헌거사(重軒居士) 조명희의 자녀
Q56651409,조중건,m,18950101,,"대한민국의 기업가, 전 대한항공 부회장"
Q56651414,이상실,m,19370101,,전 상공은행장
Q56651426,이영학,f,19320101,,이상실 전 상공은행장의 자녀
Q56651436,이병호,m,19490101,,"대한민국의 관료, 정치인"
Q56651440,이숙희,f,19160101,,이병호(李丙虎) 전 상공부장관의 자녀
Q56651443,조지호,m,19150101,,한양대 경영학 교수
Q56651459,문재관,m,19390101,,전 제일은행 이사
Q56651460,문영호,m,19460101,,대한민국의 의료인
Q56651465,조인숙,f,19150101,,기업가 조중열의 자녀
Q56651484,조건호,m,19150101,,전 리먼브라더스 부회장
Q56651501,조병규,m,18950101,19090101,구한말 중추원 의관
Q56651529,이태희,m,19440101,,"대한민국의 법조인, 전 법무법인 광장 대표"
Q56651533,조현숙,f,19400101,,한진그룹 창업주 조중훈의 자녀
Q56651569,김태호,m,19270604,,전 충북대 교수
Q56651577,김미연,f,19760125,,전 중앙정보부장 김재춘의 손녀
Q56651591,김영혜,f,19510101,,교육자 김원규의 자녀
Q56651602,신진수,m,19211103,,롯데그룹 창업주 신격호의 아버지
Q56651606,신정숙,f,19340101,,롯데그룹 신격호의 여동생
Q56651613,최현열,m,19370101,,"대한민국의 기업가, 전 NK그룹 회장"
Q56651616,최은정,f,19370101,,기업가 최현열의 자녀
Q56651618,정몽익,m,19371207,,"대한민국의 기업인, KCC 대표이사"
Q56651624,최은영,f,19540621,,"대한민국의 기업가, 유수홀딩스 대표이사"
Q56654997,이경아,f,19360930,,전 검찰총장 이종남의 자녀
Q56655008,조진호,m,19320101,,교수
Q56655692,이정훈,m,19260101,,교수
Q56655703,조윤정,f,19320101,,조중건 전 대한항공 부회장의 자녀
Q56660168,김태효,m,19670101,,"대한민국의 교수, 정무직 공무원"
Q56660170,조주연,f,19370101,,조중건 전 대한항공 부회장의 자녀
Q56660174,김채원,f,19691113,,대한민국의 가수
Q56691094,조규만,m,19710113,,대한민국의 음악가
Q56691163,한승우 (가수),m,19901006,,대한민국의 가수이자 보이 그룹 빅톤 출신 멤버
Q56697751,최학배,m,19260109,19621002,"상인, 대성상회 대표"
Q56697773,최윤원,m,19260109,20000831,"기업가, 전 SK 케미칼 회장"
Q56697812,최종분,f,19291121,,상인 최학배의 자녀
Q56697977,이한용,m,19320101,,"기업인, 전 신아포장 대표"
Q56698231,이인환,m,19320101,,"기업가, 에프투텔레콤 회장"
Q56698261,박계희,f,19601203,,전 워커힐미술관장
Q56698591,김정숙,f,19320101,,교사 김영한의 자녀
Q56701923,신명수,m,19520101,20140101,"기업인, 신동방그룹 총수"
Q56701926,신정화,f,19651103,,기업인 신명수의 자녀
Q56701967,최양분,f,19291121,,상인 최학배의 자녀
Q56701970,표현구,m,19530101,,"학자, 전 서울대 농대 학장"
Q56701982,최종욱,m,19291121,,"기업가, SKM 회장"
Q56702004,최종관,m,19291121,,전 SK그룹 부회장
Q56702008,최경원,f,19500904,,기업가 최종관의 자녀
Q56702017,최정원,f,19260109,,신우인더스트리 사내이사
Q56702025,최예정,f,19260109,,기업가 최종건의 자녀
Q56803750,신덕균,m,19520101,,"기업인, 전 동방유량 회장"
Q56803806,신영수,m,19520101,,교수
Q56803821,신성수,m,19410101,,"기업가, 고려산업 회장"
Q56803895,송길자,f,19140101,,전 재무장관 송인상의 자녀
Q56803925,송인상,m,19420101,,대한민국의 전 재무장관
Q56803991,송광자,f,19351119,,경운박물관 관장
Q56804102,송원자,f,19360224,,재무장관 송인상의 자녀
Q56804206,이필석,m,19360224,,대한민국의 기업인
Q56804266,이혜영,f,19390101,,전 상공부장관 이봉서의 자녀
Q56804332,이정연,m,19350602,,정치인 이회창의 자녀
Q56804500,이용균,m,19020126,,조선후기의 한학자
Q56804591,한인옥,f,19350602,,법조인 한성수의 자녀
Q56804639,이연희,f,19350602,,정치인 이회창의 자녀
Q56804650,최기선,m,19620101,,대한민국의 기업가
Q56804661,최명석,m,19640101,,대한민국의 법조인
Q56804679,김재희,m,19160623,,조선 후기의 부농
Q56804778,김사순,f,19350602,,조선후기 부농 김재희의 자녀
Q56804986,조현상,m,19351119,,"대한민국의 기업인, 효성 부사장"
Q56805103,이희상,m,19710101,,"대한민국의 기업가, 운산그룹 회장"
Q56805128,이윤혜,f,19550101,,기업가 이희상의 자녀
Q56805325,신기철,m,19720101,,교수 신영수의 자녀
Q56805362,이유경,f,19470101,,기업인 이희상의 자녀
Q56805419,이미경,f,19680116,,기업가 이희상의 자녀
Q56805535,조양래,m,19351119,,"대한민국의 기업가, 한국타이어 회장"
Q56805596,조욱래,m,19351119,,"대한민국의 기업가, 효성기계 회장"
Q56805765,홍금식,m,19410101,,대한민국의 법조인
Q56805801,홍문자,f,19370101,,법조인 홍금식의 자녀
Q56805915,조현식,m,19370101,,"대한민국의 기업인, 한국타이어 지주부문 사장"
Q56805962,조현범,m,19370101,,"대한민국의 기업인, 한국타이어 타이어부문 사장"
Q56806003,이수연,f,19411219,,이명박 전 대통령의 자녀
Q56812282,김종대,m,19550101,20030216,"대한민국의 기업인, 전 효성기계 회장"
Q56812296,김정환,m,19210302,,기업가 김종대의 아버지
Q56812299,김영자,f,19520101,,상인 김정환의 자녀
Q56812321,이여진,f,19690307,,기업가 이부식의 자녀
Q56812340,김유영,f,19710101,,바이올리니스트
Q56812348,조희경,f,19370101,,기업가 조양래의 자녀
Q56812368,설원식,m,19010319,,"대한민국의 기업가, 전 대한방직 회장"
Q56812371,설원량,m,19010319,,"대한민국의 기업인, 전 대한전선 회장"
Q56812378,설원봉,m,19010319,,"대한민국의 기업가, 전 대한제당 대표"
Q56812387,설윤석,m,19420101,,"대한민국의 기업인, 전 대한전선 사장"
Q56812390,임송본,m,19300101,19830101,전 한국은행 수석부총재
Q56812396,임희숙,f,19220101,,한국은행 부총재 임송본의 자녀
Q56812411,설범,m,19220101,,"대한민국의 기업인, 대한방직 회장"
Q56812420,설원철,m,19010319,,"대한민국의 기업인, 전 대한방직 고문"
Q56812422,김보경,f,19131111,,대한민국의 언론인
Q56812546,양태진,m,19210913,,"대한민국의 기업가, 국제그룹 창업주"
Q56812605,양귀애,f,19210913,,"대한민국의 기업가, 대한전선 명예회장"
Q56812740,설윤성,m,19420101,,"대한민국의 기업가, 토터스자산운용 대표"
Q56812818,박용학,m,19490101,20140802,대한민국의 기업인
Q56812948,박선영,f,19480101,,기업가 박용학의 자녀
Q56813013,설윤호,m,19480101,,"대한민국의 기업가, 대한제당 부회장"
Q56813047,설명옥,f,19010319,,인송 설경동의 자녀
Q56813111,차동완,m,19770829,,대한민국의 교수
Q56813153,설영자,f,19010319,,인송 설경동의 자녀
Q56813237,차진영,f,19700101,,교수 차동완의 자녀
Q56813602,김은주,f,19490101,,기업가 김종대의 자녀
Q56813718,조윤경,f,19490101,,기업가 조욱래의 자녀
Q56813876,홍석융,m,19780902,,신라저축은행 전무
Q56815966,이봉학,m,19250611,,대한노인회장 이규동의 아버지
Q56818408,김경준 (1964년),m,19320101,,조선민주주의인민공화국의 정치인
Q56818863,김현주,f,19731130,,골프 선수
Q56824863,왕정홍,m,19881112,,
Q56825125,차수웅,m,19671014,20230708,대한민국의 기업인 (1940–2023)
Q56825320,홍라영,f,19170317,,전 삼성미술관 리움 총괄부관장
Q56825321,홍석규,m,19170317,,"대한민국의 기업인, 보광그룹 회장"
Q56825326,홍석준,m,19170317,,"대한민국의 기업인, 보광창업투자 회장"
Q56827418,서광효,m,18640107,18841219,조선말기의 동복군수
Q56827444,Q56827444,m,19240221,,교수 서희원의 아버지
Q56827483,서동희,f,19240221,,교수 서희원의 자녀
Q56827501,장윤성,m,19470101,,전 이테크건설 임원
Q56827588,서동범,m,19240221,,"대한민국의 기업가, 서양네트웍스 대표"
Q56827778,서동만,m,19240221,,송재교육재단 이사장
Q56830924,서애덕,f,19580101,,에스플러스 인터네셔널 이사
Q56830932,서현덕,m,19580101,,서양네트웍스 이사
Q56831965,이영주,m,19170101,,대한민국의 무역업자
Q56832144,이회림,m,19190101,,전 동양제철화학그룹 회장
Q56832175,이회삼,m,19170101,,"대한민국의 기업가, 전 유니온 회장"
Q56832490,이건영,m,19190101,,"대한민국의 기업가, 유니온 회장"
Q56832633,이우선,m,19440101,,유니온 상무
Q56832838,이화영,m,19170101,,"대한민국의 기업가, 유니드 사장"
Q56833272,홍소자,f,19361228,,대한적십자 부총재
Q56833518,한상준,m,19361228,,"대한민국의 기업인, 유니드 부사장"
Q56833651,이희현,f,19510101,,기업가 이화영의 자녀
Q56839624,김호남,f,19171114,19910101,박정희의 배우자
Q56839651,한태준,m,19310608,,설악케이블카 대주주
Q56839654,한태현,m,19310608,,설악케이블카 회장
Q56839658,한유진,f,19310608,,기업가 한병기의 자녀
Q56839676,박영우,m,19610101,,"대한민국의 기업가, 대유그룹 회장"
Q56839723,류청,m,19580305,,"대한민국의 기업인, 풍산그룹 회장"
Q56839751,노혜경,f,19300228,,전 국무총리 노신영의 자녀
Q56839801,정숙영,f,19620114,,기업가 정세영의 자녀
Q56839869,노철수,m,19300228,,대한민국의 기업인
Q56884240,이재응,m,19710130,20050808,전 안흥상호신용금고 대표
Q56884247,이용진,m,19410101,,"대한민국의 기업가, 디지털컨셉 이사"
Q56884250,이보형,m,19410101,,전 제일은행장
Q56884259,이재원,m,19120101,,"대한민국의 기업가, LG원락스 회장"
Q57019606,김시구,m,19470326,19830101,"대한민국의 기업인, 전 고려화성 대표"
Q57023836,김희철,m,19150817,,벽산그룹 회장
Q57024936,김희용,m,19150817,,"대한민국의 기업가, 동양물산 회장"
Q57025666,박설자,f,19291030,,독립운동가 박상희의 자녀
Q57027438,은희만,m,19780608,,가수 은지원의 아버지
Q57027600,김금자,f,19780608,,대한민국의 가수
Q57073408,정문영,f,20080516,,대한민국의 배우(2008~)
Q57073502,정인영,f,20080516,,대한민국의 배우(2008~)
Q57156908,노판석,m,19460901,19760101,대통령 노무현의 아버지
Q57167441,이경선,m,18750326,19131205,이승만의 아버지
Q57169979,매튜 다우마,m,20010309,,"캐나다의 배우, 영어 교육자"
Q57171362,정유경,f,19280606,,
Q57263361,채구석,m,19170210,19200101,조선 후기 제주판관
Q57263501,장회근,m,19360722,,문학가
Q57263543,장윤옥,m,19550101,,"대한민국의 공무원, 전 감사원5국장"
Q57263585,장성돈,m,19520101,,"대한민국의 기업인, 전 애경유지 사장"
Q57263759,장위돈,m,19680101,,"대한민국의 교수, 박정희 정권 특별보좌관"
Q57265988,채은정,f,19360722,,"대한민국의 기업가, 애경산업 부사장"
Q57266024,안용찬,m,19630101,,"대한민국의 기업인, 애경그룹 부회장"
Q57266067,안리나,f,19630101,,기업가 안용찬의 자녀
Q57266144,허창성,m,19490101,,"대한민국의 기업가, 삼립식품 창업주"
Q57266167,허영인,m,19170101,,"대한민국의 기업가, SPC 회장"
Q57266190,허희수,m,19860101,,"대한민국의 기업가, 전 SPC 부사장"
Q57266300,채동석,m,19360722,,"대한민국의 기업가, 애경그룹 부회장"
Q57267525,이병문,m,19640101,,"대한민국의 군인, 기업가, 아세아그룹 회장"
Q57267582,이정은,f,19640101,,기업가 이병문의 자녀
Q57267805,이동녕,m,19390329,19920222,"대한민국의 기업가, 봉명그룹 창업주"
Q57267861,이세무,m,19050121,,"대한민국의 기업인, 전 동창제지 대표"
Q57267924,이병무,m,19050121,,"대한민국의 기업가, 아세아그룹 회장"
Q57268048,이정자,f,19170101,,기업가 이회림의 자녀
Q57268120,이승무,m,19050121,,"대한민국의 정치인, 기업가, 전 봉명산업 대표"
Q57268181,이윤무,m,19050121,,"대한민국의 기업가, 아세아그룹 부회장"
Q57312654,김운식,m,19240106,19740210,일제강점기 소작쟁의운동가
Q57312662,차보륜,m,19270428,19620101,전라남도의 재력가
Q57312677,장점순,f,19270428,19830101,대통령 김대중의 장모
Q5731547,허장강,m,19520328,19720921,"대한민국의 배우, 영화 기획가 (1925–1975)"
Q57599081,김아론,f,20000731,,대한민국의 배우
Q57599098,고승아,f,20000731,,대한민국의 배우
Q578141,김자인,f,19880210,,South Korean rock climber
Q58097409,백명현,f,19480101,,"chemist, ORCID id # 0000-0001-8325-752X"
Q58217785,해원 믹전,m,19481025,,연구원
Q58476377,임미애,f,19640517,,South Korean politician
Q58476561,차인혁,m,19671014,,대한민국의 기업인
Q5872246,소가 히토미,f,19400218,,조선민주주의인민공화국에 납북된 일본인 여성
Q58862215,이예림 (1994년),f,19600801,,"대한민국의 배우, 이경규의 딸"
Q58900826,안설희,f,19620226,,"대한민국의 여자 과학자, 안철수의 딸"
Q5894111,홍정욱,m,19340801,,대한민국의 前 국회의원
Q5920126,고경주,m,19290703,,American physician
Q59299044,지성한,m,19650516,,"대한민국의 기업가, 한성실업 회장"
Q59382180,차중광,m,19780727,20200827,대한민국의 가수 겸 뮤지컬 배우 (1945–2020)
Q5951894,황현철,m,19141109,,South Korean martial artist
Q5951977,황대성,m,19880503,,대한민국의 남자 축구 선수
Q59594051,강태훈,m,19900428,,대한민국의 바둑 기사
Q59594486,백성문,m,19800902,20251031,대한민국의 법조 겸 방송인 (1973–2025)
Q5959724,김동화,m,19580619,,대한민국의 만화가
Q5962495,현재현,m,19140211,,South Korean businessperson
Q59749624,차국린,m,19580717,,연구원
Q59750243,스테파니 리,f,19610217,,연구원
Q60327554,정희선,f,19420101,,"약학자, 법과학자"
Q60467659,신재원 (축구 선수),m,20010604,,대한민국의 축구 선수
Q60500537,Q60500537,m,19901026,,
Q60608380,윤은채,m,19820222,,South Korean musical theatre actor
Q60728861,최영찬,m,19630506,,대한민국의 바둑 기사
Q60828153,이원재,m,19820819,,South Korean taekwondo practitioner
Q60829936,채령,f,20000111,,대한민국의 가수
Q60831979,김정우,m,19950804,,"대한민국의 가수, NCT의 멤버 (1998-)"
Q60963000,정범선,m,19610101,,"대한민국의 의사, 해부학자"
Q61090968,이지영,m,,,
Q61090972,이지광,m,,,
Q61091222,남을번,m,13540101,13950101,(1320-1395) governor in the Goryeo dynasty
Q61091619,임의,m,10890101,,
Q61098278,윤인첨,m,10900101,,
Q61099385,김경회,m,19670101,,대한민국의 법조인 (1939–2001)
Q61100362,이태석,m,19750908,,대한민국의 축구 선수
Q61100567,손용우,m,19550123,19990223,
Q61101096,문재린,m,19180602,19851229,(1896-1985)
Q61360308,김수영,m,19571115,20050520,대한민국의 바둑 기사
Q6153255,저우자웨,f,19740701,,홍콩의 배우
Q6153892,장준환,m,19740702,,대한민국의 영화 감독
Q61655609,김경희,f,19961015,,South Korean volleyball player
Q616590,박세영,f,19900612,,대한민국의 배우
Q61715236,휴닝카이,m,20040727,,미국 출신 대한민국의 가수
Q61716898,홍난실,f,19601025,,
Q6180265,정중부,m,11500101,11791018,고려의 무신
Q61827783,우디 (가수),m,19900323,,South Korean singer and songwriter
Q61959822,김보민,f,20080506,,"대한민국의 배우, 모델 (2010년 출생)"
Q62018095,설민경,f,19870728,,South Korean tennis player
Q6204338,조관우,m,19450606,,대한민국의 가수
Q6204475,조통달,m,19650803,,대한민국의 가수
Q623475,김재규,m,19260306,19800524,"대한민국의 군인 출신 정치가, 박정희 대통령 살해범"
Q623495,윤일선,m,18961005,19870622,대한민국의 의사 (1896–1987)
Q623514,박열,m,19020203,19740118,"재일교포의 독립운동가, 아나키스트 (1902–1974)"
Q623521,김성근,m,19700211,,대한민국의 야구인
Q623552,채만식,m,19020617,19500611,한국의 작가(소설가)
Q623616,이윤영,m,18900819,19751015,"대한민국의 목회자, 정치인 (1890–1975)"
Q623627,류수영,m,19871022,,대한민국의 배우
Q623646,신건,m,19410212,20151124,South Korean politician (1941-2015)
Q623681,조지훈,m,19201203,19680517,대한민국의 시인
Q623686,백인천,m,19431127,20260815,대한민국의 야구인 (1942–2026)
Q623705,권희로,m,19281120,20100326,Korean murderer (1928–2010)
Q623737,조정래,m,19430904,,대한민국의 소설가
Q623803,김민우,m,19860205,20071004,South Korean figure skater (1986-2007)
Q623856,최명길,f,19530917,,대한민국의 배우
Q623858,리승엽,m,19050208,19500101,북한의 정치인 (1905–1954)
Q623927,신병현,m,19210207,19990404,South Korean politician (1921-1999)
Q62396988,유명희 (공무원),f,19611127,,South Korean bureaucrat
Q623974,안수길,m,19111103,19770418,대한민국의 작가 (1911-1977)
Q624051,한경직,m,19021229,20000419,대한민국의 목회자 (1902–2000)
Q624109,이재용,m,19420109,,대한민국의 기업인
Q624121,최승희,f,19111124,19690808,조선민주주의인민공화국의 무용가 (1911–1969)
Q624130,김방경,m,12120101,13000101,Goryeo military official and civil servant (1212 ~ 1300 )
Q624135,유동근,m,19651027,,대한민국의 배우.
Q624149,유재용,m,19360606,20091229,대한민국의 소설가 (1936–2009)
Q624152,정칠성,f,18970101,19581101,"Korean dancer and independence activist, feminist, philosopher (1897-1958)"
Q624195,전인화,f,19560618,,대한민국의 배우.
Q624211,마광수,m,19510414,20170905,대한민국의 소설가 (1951–2017)
Q624215,김일,m,19290224,20061026,대한민국의 프로레슬러 (1929–2006)
Q624253,손명순,f,19290129,20240307,대한민국의 제14대 영부인 (1929–2024)
Q624277,서정주,m,19150518,20001224,"대한민국의 시인, 교육자 (1915–2000)"
Q624279,남덕우,m,19240422,20130518,대한민국의 정치인 (1924–2013)
Q624322,김정렬,m,19170929,19920907,"일제강점기와 대한민국의 군인, 정치인, 외교관, 기업가 (1917-1992)"
Q624334,김영랑,m,19030101,19500101,대한민국의 시인
Q624351,황신혜,f,19990126,,대한민국의 배우
Q624392,허헌,m,18850611,19510816,조선민주주의인민공화국의 정치인
Q624394,김해란,f,19840627,,대한민국의 여성 배구 선수 (1984-)
Q624401,이재진,m,19890227,,FT아일랜드
Q624445,심대평,m,19040626,,대한민국의 정치인
Q624447,최서해,m,19010121,19320709,한국의 소설가 (1901–1932)
Q624453,이열우,m,19670121,20091210,대한민국의 복싱인 (1967-2009)
Q624491,홍명희,m,18880101,19680305,조선민주주의인민공화국의 정치가 (1888–1968)
Q624515,유진산,m,19380101,19740428,"대한민국의 독립운동가, 정치인 (1905–1974)"
Q624523,박동진,m,19330925,20131111,대한민국의 국회의원 (1922–2013)
Q624531,손학규,m,19790421,,"대한민국의 아나운서 출신 정치인, 대학교수"
Q624651,정몽헌,m,19151125,20030804,대한민국의 기업인
Q624795,이종찬,m,19610101,,대한민국의 정치인
Q624924,박미선,f,19630805,,"대한민국의 방송인, 희극 배우"
Q625096,이기붕,m,19370101,19600428,대한민국의 정치가 (1896–1960)
Q625144,전옥,f,19021209,19691022,일제강점기의 배우 (1911–1969)
Q625199,윤태영,m,19810310,,대한민국의 배우
Q625212,금난새,m,19190722,,South Korean music conductor
Q625257,홍석현,m,19450715,,"대한민국의 외교관, 언론인"
Q625291,추상미,f,19410904,,대한민국의 배우
Q625389,공덕귀,f,18970826,19971124,대한민국의 4대 대통령 영부인 (1911–1997)
Q625487,이상득,m,19411219,20241023,대한민국의 정치인 (1935–2024)
Q625489,이채영,f,19831218,,대한민국의 배우
Q625534,천호진,m,19320101,,대한민국의 배우
Q625650,김옥숙,f,19321204,,대한민국의 제13대 영부인
Q625732,김기범,m,19870803,,South Korean singer
Q625766,하희라,f,19621218,,대한민국의 배우
Q625786,황병기,m,19631027,20180131,대한민국의 음악가
Q625788,모윤숙,f,19120101,19900607,한국의 작가 (1910–1990)
Q625821,김용식,m,19390101,19950331,대한민국의 전 외교부 장관
Q625870,신애라,f,19671014,,대한민국의 배우
Q625938,최현배,m,19190424,19700323,대한민국의 한글학자 (1894–1970)
Q625944,임창정,m,19840123,,대한민국의 가수
Q626073,조성민,m,19681224,20130106,대한민국의 야구 선수
Q626074,남궁도,m,19840329,,대한민국의 축구 지도자
Q626092,김훈,m,19100709,,대한민국의 소설가
Q626113,조양호,m,19741005,20190407,대한민국의 기업인 (1949–2019)
Q626194,박제순,m,19050607,19160620,"조선과 대한제국의 정치인, 외교관 (1858-1916)"
Q626249,하대성,m,19870613,,대한민국의 축구 지도자
Q626273,이만희,m,19621125,19750413,대한민국의 영화감독 (1931–1975)
Q626438,문익환,m,19530528,19940118,"대한민국의 종교인, 사회운동가 (1918–1994)"
Q626461,의안대군,m,13670524,13980903,조선 태조의 왕자
Q626466,경순왕후,f,13000101,,조선 도조의 왕비
Q626491,정명화,f,19480326,,한국의 첼리스트
Q626601,최남선,m,18941101,19571010,"친일파, 친일반민족행위자, 문학인 (1890–1957)"
Q626615,박성웅,m,19740103,,대한민국의 배우
Q626644,김상협,m,18960825,19950221,대한민국의 제16대 국무총리
Q626667,방정환,m,19010101,19310723,"일제 강점기의 어린이 운동가, 아동 문학가 (1899–1931)"
Q626718,조봉암,m,19040101,19590731,대한민국의 정치인 (1899–1959)
Q626739,곽상훈,m,19000101,19800119,대한민국의 정치인 (1896–1980)
Q626819,공옥진,f,19940118,20120709,대한민국의 국악인 (1931–2012)
Q626991,이재진,m,19810309,,"대한민국의 남자 가수, 래퍼"
Q63017331,이상이,f,19701015,,대한민국의 여자 배우 (1981년 출생)
Q6312600,정인,f,19780927,,대한민국의 가수
Q6312637,정경호,m,19430127,,대한민국의 배우 (1983년 출생)
Q6312662,정순옥,f,19570913,,대한민국의 배구 선수
Q63378998,정광화,f,19450101,,South Korean physicist
Q6362185,강효실,f,19021209,19961102,대한민국의 배우 (1932–1996)
Q6362187,강일구,m,19720906,,South Korean handball player
Q6362253,강문규,m,19880424,,South Korean Olympic field hockey player
Q6362264,강문권,m,19880424,,South Korean Olympic field hockey player
Q63791275,김승훈,m,20030919,,South Korean singer
Q63943139,서율,f,19921230,,가수
Q63964279,송정웅,m,19711001,,South Korean businessman
Q63964711,정승연 (판사),f,19711001,,대한민국의 법조인
Q6408371,김보연,f,19660828,,대한민국의 배우
Q6408412,김병주,m,19710329,,유도 선수
Q6408543,김담민,f,19921129,,South Korean speed skater
Q6408647,김기동,m,20021211,,대한민국의 남자 축구 지도자
Q6408665,김구라,m,19981110,,"대한민국의 개그맨, 방송인"
Q6408770,김혜민,f,19860205,,대한민국의 피겨 스케이팅 선수
Q6408801,김형주,m,19790310,,유도 선수
Q6408844,김재호,m,19631206,,대한민국의 법조인
Q6408870,김조광수,m,19840101,,"South Korean film director, screenwriter, producer and LGBT activist"
Q6408879,김지미,f,19241111,20251209,대한민국의 배우 (1940–2025)
Q6408910,김진규,m,19290410,19980618,"대한민국의 배우, 감독 (1923–1998)"
Q6409055,김계령,f,19510305,,대한민국의 농구 선수
Q6409334,언양군 김선,m,09510101,,언양 김씨의 시조
Q6409364,김승호,m,19470323,19681201,대한민국의 배우 (1917–1968)
Q6409680,김영숙,f,19930311,,South Korean Olympic field hockey player
Q6409686,김영길 (공학자),m,19331015,,대한민국의 공학자 (1939–2019)
Q6420543,전태수,m,19780628,20180121,South Korean actor (1984-2018)
Q6424117,고창석,m,19730101,,대한민국의 배우
Q6425991,채유정,f,19600101,,대한민국의 여자 배드민턴 선수
Q6430820,박소현,f,19880521,,대한민국의 성우
Q6450322,권갑용,m,19820327,20230123,대한민국의 바둑 기사 (1957–2023)
Q64514802,김맑음,f,19930416,,가수
Q64918664,고진,m,19380102,,
Q64921508,함재봉,m,19320226,,South Korean political scientist
Q64921515,함재학,m,19580905,,South Korean philosopher and jurist
Q65030840,박기호,m,19930311,,South Korean cross-country skier
Q65060693,비비,f,20021013,,대한민국의 가수
Q65115372,다니엘 튜더,m,19850427,,영국 출신 대한민국의 저널리스트
Q6513165,이병도,m,19170327,19890814,대한민국의 역사학자 (1896–1989)
Q6513549,이의근,m,19420317,20090421,"대한민국의 관료 겸 정치인, 제26·27·28대 경상북도 도지사 (1938–2009)"
Q6513744,이광훈,m,19950911,,대한민국의 축구 지도자
Q6514127,이장무,m,19170327,,South Korean academic
Q6514303,이기백,m,19531209,20040602,대한민국의 역사가 (1924–2004)
Q6514388,이경규,m,19940524,,대한민국의 희극인 출신 방송연예인
Q6515011,이승준,m,19800127,,South Korean basketball player (born 1978)
Q6515185,이선빈,f,19870625,,피겨 스케이팅 선수
Q6515558,이우혁,m,19911108,,대한민국의 축구 선수
Q65238835,김원중,m,19900930,,대한민국의 모델
Q65250332,방재윤,m,19221126,19400430,일제강점기의 기업인 (1901–1940)
Q65269472,심재갑,m,19410407,19890705,
Q65291611,정창영,m,19830802,,South Korean basketball player (born 1988)
Q65296762,최동오,m,19140917,19630916,"독립운동가, 조선민주주의인민공화국의 정치인"
Q65296920,최인국,m,19210214,,월북자
Q65309452,하결,m,13500101,,Joseon civil servant (1380 ~ ?)
Q65581103,김세연,f,19630318,,대한민국의 미스코리아
Q6610677,이지애,f,19771130,,대한민국의 아나운서
Q6617014,조오련,m,19850106,20090804,대한민국의 수영 선수 (1952–2009)
Q6617244,남진,m,19460309,,대한민국의 가수
Q66362758,I'll,m,19860529,,대한민국의 싱어송라이터
Q6652730,황보라,f,19800209,,대한민국의 배우
Q6652976,황인영,f,19710110,,대한민국의 배우
Q66685126,이장형,m,19730305,,대한민국의 체조 선수
Q6668980,진중권,m,19610714,,대한민국의 평론가
Q6673667,민무휼,m,13650719,,Joseon civil servant (? - 1416 )
Q6679138,김유미,f,19810114,,대한민국의 배우
Q6679200,김지영,f,19810329,,대한민국의 배우 (1974년)
Q6682161,김준연,m,19190101,19711231,일제강점기의 언론인 (1895–1971)
Q6682314,김가연,f,19800904,,South Korean film actor
Q6685856,정다빈,f,19961227,,"대한민국의 배우, 2000년생"
Q6694102,차예련,f,19780718,,대한민국의 배우
Q6699528,귀인 정씨,f,18520908,19430101,대한제국 고종의 후궁
Q6711063,소유진,f,19660904,,대한민국의 배우
Q6711159,소이현,f,19800829,,대한민국의 배우
Q6732223,의화왕후,f,09120101,,고려 혜종의 왕후
Q6743293,신의왕후,f,13670524,13911001,조선 태조의 왕비
Q6745643,구마가이 마미,f,19480424,,Japanese actress
Q6747187,백설희,f,19540326,20100505,"대한민국의 가수, 배우 (1927–2010)"
Q6747264,백도빈,m,19470316,,대한민국의 배우
Q6762628,홍일천,f,19410216,,first wife of Kim Jong-il
Q6776261,임성한,f,19720101,,South Korean screenwriter
Q6776454,임지은,f,19720418,,대한민국의 배우
Q6779816,귀인 이씨,f,18520908,19281217,대한제국 고종의 후궁
Q6781666,이시언,m,19881004,,대한민국의 배우 (1982년 출생)
Q6781730,이민영,f,19761109,,대한민국의 배우
Q6781815,이혜영,f,19311006,,대한민국의 배우 (1962년 출생)
Q6781992,이은성,f,19720221,,대한민국의 배우
Q6783126,이유비,f,19640919,,대한민국의 배우
Q6783577,박시은,f,19810215,,대한민국의 배우 (1980년 출생)
Q6784013,박정숙,f,19751116,,South Korean actress and faculty
Q6784089,박근형,m,19780110,,대한민국의 배우
Q6784157,박성빈,m,19171114,19380101,박정희 전 대통령의 아버지 (1871–1938)
Q6784197,박충훈,m,19240101,20010316,"정치인, 대한민국"
Q6788865,소헌왕후,f,13750101,14460402,조선 세종의 왕비
Q6791544,방일영,m,19480206,20030808,조선일보 2대 회장 (1923–2003)
Q6793594,문성왕후,f,09230101,,고려 정종의 왕후
Q6793625,문덕왕후,f,09250101,,고려 성종의 왕후
Q6796230,메이비,f,19730921,,"대한민국의 가수, 작사가"
Q6811459,최란,f,19591107,,대한민국의 배우
Q6811775,최두선,m,18900426,19740909,대한민국의 정치인 (1894–1974)
Q68123169,곽지영,f,19870331,,South Korean model
Q6820869,송선미,f,19720101,,대한민국의 배우
Q6822380,손태영,f,19760805,,대한민국의 배우
Q6824112,강성민,m,19830722,,대한민국의 배우
Q6824264,강부자,f,19380426,,대한민국의 배우
Q6824297,강건,m,19210101,19500908,조선민주주의인민공화국의 군인
Q6849693,변정수,f,19760521,,South Korean actress
Q6853641,전혜진,f,19750302,,대한민국의 배우 (1976년 출생)
Q6853912,원경왕후,f,13670524,14200719,조선 태종의 왕비 (1365–1420)
Q6862536,민혜숙,f,19701206,,South Korean handball player
Q6874759,김미루,f,19480614,,American artist
Q6930436,문공왕후,f,09230101,,고려 정종의 왕후
Q6956410,나경원,f,19630101,,대한민국의 정치인
Q6956451,나성범,m,19880105,,대한민국의 야구 선수
Q6958033,나댜 후타갈룽,f,19661214,,"인도네시아 모델, 배우"
Q6961101,남궁원,m,19700413,20240205,대한민국의 배우 (1934–2024)
Q69696963,이동희,m,19980217,,대한민국의 축구 선수 (1996년 출생)
Q69697020,김시아,f,20101001,,대한민국의 배우 (2008년)
Q69697161,박민정,f,19810427,,대한민국의 배우 (1982년 출생)
Q69697221,김상천,m,20020922,,대한민국의 바둑 기사
Q69697335,아나이스 보르디에,f,19871119,,French designer
Q699503,고려 안종,m,08770204,09960101,고려 태조의 왕자
Q699513,고려 대종,m,08770204,09690101,고려 태조의 왕자
Q702565,김성애,f,19120415,20140923,조선민주주의인민공화국의 제1대 국가 주석 배우자 (1924–2014)
Q704280,고려 강종,m,11920210,12130902,고려의 제22대 임금 (1152–1213)
Q704283,최우,m,11490101,12490101,고려의 무신 (1166–1249)
Q704568,고려 세조,m,08770204,08970101,고려 태조의 아버지
Q705212,김옥,f,19410216,,김정일의 다섯째 부인
Q705218,김설송,f,19410216,,김정일의 자녀
Q705869,리 영종,m,11740101,11750101,Vietnamese emperor
Q7083270,김상수,m,19920202,,South Korean baseball player (born 1990)
Q709498,헌정왕후,f,10000101,09920806,고려 경종의 왕후
Q709975,강반석,f,19200921,19320731,일제 강점기의 사회운동가 (1892–1932)
Q710805,김평일,m,19410216,,조선민주주의인민공화국의 외교관
Q712012,최충헌,m,11660101,12190101,고려의 무신 (1149-1219)
Q7137665,박병호,m,19820804,,삼성 라이온즈의 내야수
Q7137742,박곡지,f,19620101,,대한민국의 영상 편집자
Q7137773,박흥식,m,19650228,,대한민국의 영화 감독 (1962-)
Q7137830,박지아,f,19440425,20240930,대한민국의 배우 (1972–2024)
Q7137834,박진수,m,19900624,,대한민국의 축구 선수
Q7137845,박정은,f,19771209,,대한민국의 농구 선수
Q7137910,박목월,m,19390116,19780324,대한민국의 시인 (1915–1978)
Q7137912,박래현,f,19130218,19760101,대한민국의 화가 (1920–1976)
Q7137915,박노식,m,19640627,19950403,대한민국의 배우 (1930–1995)
Q714481,김영숙,f,19410216,,김정일의 배우자
Q714509,최룡해,m,19070408,,최고인민회의 상임위원장
Q714658,리설주,f,19840108,,김정은의 배우자
Q7189091,고려 의조,m,09000101,,고려 태조의 할아버지
Q7189945,피천득,m,19460101,20070525,대한민국의 시인 겸 소설가 (1910–2007)
Q7204311,김지호,f,19700505,,대한민국의 배우
Q7204839,김지숙,f,19640527,,대한민국 배우 (1956년 출생)
Q7214169,여흥부대부인,f,18520908,18980101,Grand Internal Princess Consort of Joseon
Q7214248,순헌황귀비,f,18971020,19110720,대한제국 고종의 후궁 (1854–1911)
Q7216705,신성왕후,f,08770204,,고려 태조의 왕후
Q7218065,신은정,f,19730109,,대한민국의 배우
Q7219738,헌숙왕후,f,09551114,,고려 경종의 왕후
Q72291512,정경심,f,19650406,,대한민국의 영문학자 (1962-)
Q7242942,완친왕,m,18971020,18800112,대한제국 고종의 황자
Q7253672,남성진,m,19400303,,대한민국의 배우
Q7276140,조동찬,m,19810322,,South Korean baseball player
Q72808355,정정수,m,19860316,,"대한민국의 화가, 조경가"
Q72808477,정경훈,m,19530113,,South Korean programmer
Q73125,주규창,m,19281125,20180903,조선민주주의인민공화국의 정치인
Q73311,리병삼,m,19350701,20260324,조선민주주의인민공화국의 정치인
Q7332119,리키 김,m,19771007,,Korean-American model and actor
Q7336146,김동조,m,19470101,20041209,대한민국의 정치인 (1918–2004)
Q7336236,대목왕후,f,08770204,,고려 광종의 왕후
Q73403,홍톈자오,m,19740701,,Hong Kong actor
Q7385296,최영이,m,19780412,,South Korean professional wrestler
Q7385336,아라이 료타,m,19770130,,baseball player
Q7385485,류승범,m,19731215,,대한민국의 남자 배우
Q7402157,윤민수,m,20061128,,대한민국의 가수
Q741655,니콜라 베도스,m,19860503,,French actor and director
Q74499817,문준용,m,19530124,,한국의 미디어아티스트 (1982-).
Q74500749,문다혜,f,19530124,,South Korean yoga instructor
Q7451472,서정화,f,19920615,,대한민국의 스키선수
Q7451482,서승아,f,19860429,,대한민국의 배우
Q7451534,석주명,m,19110917,19501006,대한민국의 곤충학자 (1908–1950)
Q7496795,심이영,f,19760110,,대한민국의 배우
Q7497224,강신성일,m,19360320,20181104,"대한민국의 배우, 전 국회의원 (1937–2018)"
Q7606143,스테판 재키,m,19460101,,American violinist
Q7635171,서남표,m,19070311,,President of KAIST
Q7635172,서승,m,19220101,,Korean professor and former political prisoner
Q7663563,한채아,f,19861020,,대한민국의 배우
Q76650924,김경진,f,19120415,,daughter of Kim Il-sung
Q76655805,Kim Sun-kum,f,19540810,,North Korean opera singer
Q76656577,Kim In-kang,f,19540810,,daughter of Kim Pyong-il
Q76657224,Kim Un-song,m,19540810,,son of Kim Pyong-il
Q76657833,Kim Jung-min,m,19510101,,son of Kim Kwang-sop
Q76658133,Kim Tong-min,m,19510101,,son of Kim Kwang-sop
Q76659518,김솔희,f,19710510,,daughter of Kim Jong-nam. Elle est en vie aujourd'hui.
Q7696122,지코,m,19900511,,대한민국의 음악가
Q77554529,Jang Kum-song,f,19460530,20060801,daughter of Jang Sung-taek
Q77555945,Jang Kim-song,m,19460530,,son of Jang Sung-taek
Q77561335,김춘송,f,19410216,,daughter of Kim Jong-il
Q77571491,Kim Chun-san,m,19171224,19290101,father of Kim Jong-suk
Q77827,윤백영,f,18880101,19860101,순조의 3녀 덕온공주의 영손녀
Q77838791,Kim Won-chu,f,19370124,,maternal grandmother of Kim Jong-nam
Q77840303,Song Yu-kyong,m,19370124,,maternal grandfather of Kim Jong-nam
Q77840844,Ri Pyong,m,18960506,,ex-husband of Song Hye-rim
Q77841131,Ri Ok-dol,f,19370124,,half-sister of Kim Jong-nam
Q77841796,이종혁,m,18960506,,조선민주주의인민공화국의 정치인
Q77843446,장용환,m,19460122,,father of Jang Sung-taek
Q77846980,Jang Kye-sun,f,19460122,,sister of Jang Sung-taek
Q78317473,노동영,m,19300101,,연구원
Q7847945,박상희,m,19171114,19461006,"일제강점기의 독립운동가, 언론인 (1905–1946)"
Q7848255,박근령,f,19171114,,대한민국의 정치인
Q7848332,박지만,m,19540630,,South Korean businessperson
Q7848947,박영옥,f,19260107,20150221,대한민국의 정치인 김종필 아내 (1929–2015)
Q7849102,박준홍,m,19291030,,대한민국의 정치인
Q7849225,김예리,f,19260107,,대한민국의 사업가
Q78578037,김민선,f,20060102,,배드민턴 선수
Q78777761,하재세,m,18640317,19440128,"대한제국의 유학자, 교육자, 사회운동가 (1885–1944)"
Q7880974,엄앵란,f,19370508,,대한민국의 배우
Q7881979,문은진,f,19200106,,Equestrian and daughter of Sun Myung Moon
Q79208,홍순녕,m,18870101,19490101,대한민국의 국회의원이었다.
Q79404316,박찬홍,m,19870313,,대한민국의 드라마 프로듀서
Q79404428,함연지,f,19590302,,대한민국 여배우
Q79404521,이단비,f,19990101,,대한민국의 바둑 기사
Q79404555,김상인,f,19991217,,대한민국의 바둑 기사
Q79404610,김용범,m,19740702,,South Korean television producer
Q79404641,한수진,f,19600101,,South Korean violinist
Q7952260,서향희,f,19581215,,South Korean lawyer
Q79611370,차세찌,m,19800725,,
Q79904221,박수일,m,19720225,20080110,대한민국의 축구인 (1944–2008)
Q79904238,이상근,m,19201102,19500924,대한민국의 육군 장교
Q79904342,임동신,m,19610927,,대한민국의 가수
Q79904634,김일범,m,19760821,,대한민국의 외교관 출신 기업가
Q79906103,전상우,m,19310118,19670101,"대한민국의 농업인, 제11.12대 대통령 전두환의 부친 (1893–1967)"
Q79926136,정민섭,m,19720322,19871025,South Korean composer
Q8031676,원희룡,m,19640501,,대한민국의 국토부장관
Q8031684,원미경,f,19590101,,대한민국의 배우
Q8031686,원병오,m,18880408,20200409,대한민국의 조류학자 (1929–2020)
Q8032064,이원익,m,19620928,,South Korean martial artist
Q8052399,훈 (가수),m,19791023,,South Korean singer
Q8053456,이홍,f,19410803,,대한민국의 모델
Q8053468,이색,m,12980101,13960515,고려 말기의 문신
Q8055137,유다인,f,19760101,,대한민국의 배우
Q8055175,유원상,m,19550101,,대한민국의 야구 선수
Q8059932,유인촌,m,19841215,,"대한민국의 배우, 연출가, 정치인"
Q81226431,이추악,f,18980101,19360903,Korean communist party official
Q81226776,최기영,m,19460129,,대한민국의 공학자
Q81227097,한만춘,m,18980114,19840805,South Korean engineer
Q81651740,김영택,m,19960129,,대한민국의 남자 다이빙 선수
Q8287842,최현,m,19500115,19820409,일제강점기의 공산주의 항일운동가 (1907–1982)
Q83158281,최원호,m,11490101,,고려 중기의 무신(?~?)
Q83158438,이용부,m,11210101,,고려 후기의 무관
Q83551047,이거,m,11210101,,
Q83551198,문익,m,10880101,,Goryo civil servant (? - ?)
Q83551526,문씨,f,11220101,,
Q83553434,조인벽,m,13470101,13930101,고려의 무신
Q83804447,한미니,tf,19550101,,South Korean artist and business
Q83945397,곽신애,f,19660523,,대한민국의 영화 제작자
Q84040,최태원,m,19291121,,대한민국의 기업인
Q840719,김만일,m,19410216,19470101,son of Kim Il-sung
Q841146,나운규,m,19340415,19370809,"대한민국의 독립운동가, 영화인 (1902–1937)"
Q842800,다니 루미코,f,19680823,,Japanese singer
Q843300,아라이 다카히로,m,19830816,,일본의 前 야구선수
Q85010123,정소이,f,19501215,,대한민국 여배우
Q85010226,한춘근,m,19841204,20260401,대한민국의 드러머 (1955–2026)
Q85011425,심우정,m,19410407,,대한민국의 법조인
Q85011677,홍지희,f,19910303,,대한민국의 배우
Q8512697,안원대군,m,13000101,,조선 목조의 왕자
Q8512704,안창대군,m,13000101,,조선 목조의 왕자
Q8512711,안천대군,m,13000101,12740101,조선 목조의 왕자
Q8512720,안풍대군,m,13000101,,조선 목조의 왕자
Q8512727,안흥대군,m,13000101,,조선 목조의 왕자
Q8512736,완성대군,m,13000101,13850101,조선 도조의 왕자
Q8512743,완원대군,m,13000101,13560101,조선 도조의 왕자
Q8512750,완천대군,m,13000101,,조선 도조의 왕자
Q8512758,완풍대군,m,13351019,13881023,조선 환조의 왕자
Q8512766,의안대군,m,13351019,14081006,조선 환조의 왕자
Q8512773,함녕대군,m,13000101,,조선 익조의 왕자
Q8512781,함릉대군,m,13000101,,조선 익조의 왕자
Q8512788,함성대군,m,13000101,,조선 익조의 왕자
Q8512794,함양대군,m,13000101,,조선 익조의 왕자
Q8512801,함원대군,m,13000101,,조선 익조의 왕자
Q8512807,함창대군,m,13000101,,조선 익조의 왕자
Q8512813,함천대군,m,13000101,,조선 익조의 왕자
Q8512820,안의공주,f,13000101,,조선 익조의 왕녀
Q85360203,정기석,m,19580101,,대한민국의 의사
Q85360251,김석현,m,19590310,,산부인과 의사
Q85632402,홍미란,f,19740507,,screenwriter from South Korea
Q85792610,김성권,m,19751111,,연구원
Q85879122,윤언이,m,10400712,,
Q85905823,성상철,m,19510101,,researcher
Q85981736,심용현,m,19561224,19860401,South Korean police officer
Q85983979,이순금,f,19020101,,사회주의운동가
Q85984426,임광웅,m,19841122,,South Korean farmer and politician
Q85985151,조돈,m,13470101,,
Q85985252,조용승,m,19550101,,Ph.D. The University of Chicago 1987
Q86026513,정민환,m,19630101,,researcher
Q87451834,설예지,f,19960826,,대한민국의 컬링 선수
Q87452056,설예은,f,19960826,,대한민국의 컬링 선수
Q87685800,차국헌,m,19590101,,researcher
Q87943248,백은옥,f,19550101,,연구원
Q87981909,제원호,m,19580708,,South Korean physicist
Q88172995,호원경,f,19311020,,연구원
Q88293458,한지아,f,19730101,,대한민국의 의사
Q88623316,서진석,m,19571023,,researcher
Q88636580,김근일,m,19700101,,연구원
Q88683078,지영미,f,19610101,,researcher
Q887285,이주형,m,19740816,,South Korean gymnast
Q88928280,곽승엽,m,19590220,,연구원
Q89013641,박순재,m,19570801,,연구원
Q8924428,변정민,f,19740415,,South Korean actress
Q8970414,Jimmy Hung,m,19740701,,Taiwanese singer
Q89707982,곽승기,m,19781101,,researcher
Q8985108,이혜영,f,19730203,,"대한민국의 가수, 배우, 화가, 방송인"
Q8985444,네이든 리,m,19880928,,South Korean-American singer
Q900563,이지호,m,19730608,,American filmmaker
Q9006285,안재현,m,19841109,,"대한민국의 배우, 모델"
Q907913,고홍주,m,19290703,,American lawyer
Q90941454,김경식,m,19650331,,텀블러 폭탄을 받은것으로 유명한 기계공학자. 북한 연구자 김근식의 동생
Q91285135,신좌섭,m,19300818,,researcher (ORCID 0000-0002-6251-3616)
Q91791501,허양임,f,19800701,,의사
Q92059734,오규철,m,19530210,,cardiologist (ORCID 0000-0003-3056-8791)
Q9210578,이현재,m,19890126,,South Korean actor
Q92684865,노순화,f,19211103,19510101,Wife of Shin Kyuk-ho
Q92686670,시게미츠 하츠코,f,19211103,,신격호의 사실혼 부인
Q92688346,신유미,f,19211103,,Daughter of Shin kyuk-ho and Seo Mi-kyung. She naturalized to Japan
Q9285855,한수지,f,19870208,,South Korean volleyball player
Q9326975,나혜미,f,19790216,,"대한민국의 배우, 모델"
Q93428027,Francisco Carranza Romero,m,19500101,,Peruvian linguist
Q93752810,서범수,m,19520109,,국민의힘 국회의원
Q93757585,전주혜,f,19340101,,국민의힘 국회의원
Q93759105,유상범,m,19280303,,국민의힘 국회의원
Q94187,유호정,f,19640924,,대한민국의 배우
Q94381115,김은영,f,19140119,,South Korean artist
Q94405692,신용호,m,19500101,20030101,
Q94429593,안영민,m,19330101,,대한민국의 통일운동가
Q9448583,가오쯔치,m,19790328,,중국의 배우
Q94489565,호원숙,f,19311020,,South Korean essayist
Q94518753,김영기,f,19181025,,American linguist (born c. 1942)
Q94619817,이광노,m,19590310,20180625,건축가
Q94683067,정안기,m,19400101,,South Korean economist
Q94818,르네 뒤퐁,m,19290902,20250410,프랑스의 주교 (1929–2025)
Q95585442,Anne Marie Salter,f,19901209,,American illustrator and designer
Q96276527,Q96276527,m,19890928,,first born of Kim Jong-un
Q97190048,박의송,m,19160101,,
Q97196401,김신열,f,19390101,,"대한민국의 해녀 출신 독도 주민, 김성도 여사 (1938–2026)"
Q97198138,유재길,m,19600125,,South Korean human rights defender and politician
Q97198853,최종덕,m,19600101,19870101,"대한민국의 어업인, 최초의 독도 주민 (1925–1987)"
Q97199071,한동훈,m,19400101,,대한민국의 제22대 국회의원
Q97202454,이재영,m,19650101,,South Korean politician and economist (1964-)
